[2025-05-17 22:30:44Z INFO HostContext] No proxy settings were found based on environmental variables (http_proxy/https_proxy/HTTP_PROXY/HTTPS_PROXY)
[2025-05-17 22:30:44Z INFO HostContext] Well known directory 'Bin': '/home/mustafa/sunum/actions-runner/bin'
[2025-05-17 22:30:44Z INFO HostContext] Well known directory 'Root': '/home/mustafa/sunum/actions-runner'
[2025-05-17 22:30:44Z INFO HostContext] Well known config file 'Credentials': '/home/mustafa/sunum/actions-runner/.credentials'
[2025-05-17 22:30:44Z INFO HostContext] Well known directory 'Bin': '/home/mustafa/sunum/actions-runner/bin'
[2025-05-17 22:30:44Z INFO HostContext] Well known directory 'Root': '/home/mustafa/sunum/actions-runner'
[2025-05-17 22:30:44Z INFO HostContext] Well known config file 'Runner': '/home/mustafa/sunum/actions-runner/.runner'
[2025-05-17 22:30:44Z INFO Worker] Version: 2.324.0
[2025-05-17 22:30:44Z INFO Worker] Commit: da3412efd49b1cf1a0fbdcbcee4e4ac4cc2177c8
[2025-05-17 22:30:44Z INFO Worker] Culture: tr-TR
[2025-05-17 22:30:44Z INFO Worker] UI Culture: tr-TR
[2025-05-17 22:30:44Z INFO Worker] Waiting to receive the job message from the channel.
[2025-05-17 22:30:44Z INFO ProcessChannel] Receiving message of length 23097, with hash 'd5a8480768fc8a2e512a98e05f05880e48a2cfc851481c8b2d44aeb2b8577f57'
[2025-05-17 22:30:44Z INFO Worker] Message received.
[2025-05-17 22:30:44Z INFO Worker] Job message:
 {
  "fileTable": [
    ".github/workflows/ci-cd.yml"
  ],
  "mask": [
    {
      "type": "regex",
      "value": "***"
    },
    {
      "type": "regex",
      "value": "***"
    },
    {
      "type": "regex",
      "value": "***"
    },
    {
      "type": "regex",
      "value": "***"
    },
    {
      "type": "regex",
      "value": "***"
    },
    {
      "type": "regex",
      "value": "***"
    },
    {
      "type": "regex",
      "value": "***"
    },
    {
      "type": "regex",
      "value": "***"
    },
    {
      "type": "regex",
      "value": "***"
    },
    {
      "type": "regex",
      "value": "***"
    },
    {
      "type": "regex",
      "value": "***"
    },
    {
      "type": "regex",
      "value": "***"
    },
    {
      "type": "regex",
      "value": "***"
    },
    {
      "type": "regex",
      "value": "***"
    },
    {
      "type": "regex",
      "value": "***"
    },
    {
      "type": "regex",
      "value": "***"
    },
    {
      "type": "regex",
      "value": "***"
    },
    {
      "type": "regex",
      "value": "***"
    }
  ],
  "steps": [
    {
      "type": "action",
      "reference": {
        "type": "repository",
        "name": "actions/checkout",
        "ref": "v3",
        "repositoryType": "GitHub"
      },
      "displayNameToken": {
        "type": 0,
        "file": 1,
        "line": 13,
        "col": 15,
        "lit": "Kodları klonla"
      },
      "contextName": "__actions_checkout",
      "condition": "success()",
      "id": "c2d7ed4d-466f-4b74-a76e-e0651d09c437",
      "name": "__actions_checkout"
    },
    {
      "type": "action",
      "reference": {
        "type": "script"
      },
      "displayNameToken": {
        "type": 0,
        "file": 1,
        "line": 16,
        "col": 15,
        "lit": "Docker image oluştur (frontend)"
      },
      "contextName": "__run",
      "inputs": {
        "type": 2,
        "map": [
          {
            "key": "script",
            "value": {
              "type": 0,
              "file": 1,
              "line": 17,
              "col": 14,
              "lit": "docker build -t frontend:latest ./frontend\n"
            }
          }
        ]
      },
      "condition": "success()",
      "id": "79fe61fc-1e65-409c-827a-57b5e4177b45",
      "name": "__run"
    },
    {
      "type": "action",
      "reference": {
        "type": "script"
      },
      "displayNameToken": {
        "type": 0,
        "file": 1,
        "line": 20,
        "col": 15,
        "lit": "Docker image oluştur (backend)"
      },
      "contextName": "__run_2",
      "inputs": {
        "type": 2,
        "map": [
          {
            "key": "script",
            "value": {
              "type": 0,
              "file": 1,
              "line": 21,
              "col": 14,
              "lit": "docker build -t backend:latest ./backend\n"
            }
          }
        ]
      },
      "condition": "success()",
      "id": "783b004e-fac9-4203-be93-d9b40b0363ac",
      "name": "__run_2"
    },
    {
      "type": "action",
      "reference": {
        "type": "script"
      },
      "displayNameToken": {
        "type": 0,
        "file": 1,
        "line": 24,
        "col": 15,
        "lit": "Backend deployment uygula"
      },
      "contextName": "__run_3",
      "inputs": {
        "type": 2,
        "map": [
          {
            "key": "script",
            "value": {
              "type": 0,
              "file": 1,
              "line": 25,
              "col": 14,
              "lit": "kubectl apply -f kubernetes/base/backend/deployment.yaml\n"
            }
          }
        ]
      },
      "condition": "success()",
      "id": "3469132b-fa69-4815-bee2-33e988cc9837",
      "name": "__run_3"
    },
    {
      "type": "action",
      "reference": {
        "type": "script"
      },
      "displayNameToken": {
        "type": 0,
        "file": 1,
        "line": 28,
        "col": 15,
        "lit": "Frontend deployment uygula"
      },
      "contextName": "__run_4",
      "inputs": {
        "type": 2,
        "map": [
          {
            "key": "script",
            "value": {
              "type": 0,
              "file": 1,
              "line": 29,
              "col": 14,
              "lit": "kubectl apply -f kubernetes/base/frontend/deployment.yaml\n"
            }
          }
        ]
      },
      "condition": "success()",
      "id": "6e83030b-0fd4-4fed-8fa8-4806b523d5fb",
      "name": "__run_4"
    }
  ],
  "variables": {
    "Actions.EnableHttpRedirects": {
      "value": "true"
    },
    "DistributedTask.AddWarningToNode12Action": {
      "value": "true"
    },
    "DistributedTask.AddWarningToNode16Action": {
      "value": "true"
    },
    "DistributedTask.AllowRunnerContainerHooks": {
      "value": "true"
    },
    "DistributedTask.DeprecateStepOutputCommands": {
      "value": "true"
    },
    "DistributedTask.DetailUntarFailure": {
      "value": "true"
    },
    "DistributedTask.EnableCompositeActions": {
      "value": "true"
    },
    "DistributedTask.EnableJobServerQueueTelemetry": {
      "value": "true"
    },
    "DistributedTask.EnhancedAnnotations": {
      "value": "true"
    },
    "DistributedTask.ForceGithubJavascriptActionsToNode16": {
      "value": "true"
    },
    "DistributedTask.ForceGithubJavascriptActionsToNode20": {
      "value": "true"
    },
    "DistributedTask.LogTemplateErrorsAsDebugMessages": {
      "value": "true"
    },
    "DistributedTask.MarkJobAsFailedOnWorkerCrash": {
      "value": "true"
    },
    "DistributedTask.NewActionMetadata": {
      "value": "true"
    },
    "DistributedTask.UploadStepSummary": {
      "value": "true"
    },
    "DistributedTask.UseActionArchiveCache": {
      "value": "true"
    },
    "DistributedTask.UseWhich2": {
      "value": "true"
    },
    "RunService.FixEmbeddedIssues": {
      "value": "true"
    },
    "actions_add_check_run_id_to_job_context": {
      "value": "false"
    },
    "actions_skip_retry_complete_job_upon_known_errors": {
      "value": "true"
    },
    "actions_uses_cache_service_v2": {
      "value": "true"
    },
    "github_token": {
      "value": "***",
      "isSecret": true
    },
    "system.from_run_service": {
      "value": "true"
    },
    "system.github.job": {
      "value": "deploy"
    },
    "system.github.launch_endpoint": {
      "value": "https://launch.actions.githubusercontent.com"
    },
    "system.github.results_endpoint": {
      "value": "https://results-receiver.actions.githubusercontent.com/"
    },
    "system.github.results_upload_with_sdk": {
      "value": "true"
    },
    "system.github.token": {
      "value": "***",
      "isSecret": true
    },
    "system.github.token.permissions": {
      "value": "{\"Contents\":\"read\",\"Metadata\":\"read\",\"Packages\":\"read\"}"
    },
    "system.orchestrationId": {
      "value": "2d18cf1a-23df-4c6c-aede-b9f222e64ac2.deploy.__default"
    },
    "system.phaseDisplayName": {
      "value": "deploy"
    },
    "system.runner.lowdiskspacethreshold": {
      "value": "100"
    },
    "system.runnerEnvironment": {
      "value": "self-hosted"
    }
  },
  "messageType": "RunnerJobRequest",
  "plan": {
    "scopeIdentifier": "00000000-0000-0000-0000-000000000000",
    "planType": "actions",
    "version": 0,
    "planId": "2d18cf1a-23df-4c6c-aede-b9f222e64ac2",
    "planGroup": null,
    "artifactUri": null,
    "artifactLocation": null,
    "definition": null,
    "owner": null
  },
  "timeline": {
    "id": "2d18cf1a-23df-4c6c-aede-b9f222e64ac2",
    "changeId": 0,
    "location": null
  },
  "jobId": "2a72c351-e5b2-5247-ba27-afc97887605c",
  "jobDisplayName": "deploy",
  "jobName": "__default",
  "requestId": 0,
  "lockedUntil": "0001-01-01T00:00:00",
  "resources": {
    "endpoints": [
      {
        "data": {
          "ServerId": "",
          "ServerName": "",
          "CacheServerUrl": "https://acghubeus1.actions.githubusercontent.com/JK1Cmkfjdtm9ZJ6DkDPfmS9M8Qp05CdC3VD7bEQ6SRCcBm5Ptx/",
          "FeedStreamUrl": "wss://results-receiver.actions.githubusercontent.com/_ws/ingest.sock",
          "ResultsServiceUrl": "https://results-receiver.actions.githubusercontent.com/",
          "PipelinesServiceUrl": "https://pipelinesghubeus6.actions.githubusercontent.com/JK1Cmkfjdtm9ZJ6DkDPfmS9M8Qp05CdC3VD7bEQ6SRCcBm5Ptx/",
          "GenerateIdTokenUrl": ""
        },
        "name": "SystemVssConnection",
        "url": "https://run-actions-1-azure-eastus.actions.githubusercontent.com/14/",
        "authorization": {
          "parameters": {
            "AccessToken": "***"
          },
          "scheme": "OAuth"
        },
        "isShared": false,
        "isReady": true
      }
    ]
  },
  "contextData": {
    "github": {
      "t": 2,
      "d": [
        {
          "k": "ref",
          "v": "refs/heads/dev"
        },
        {
          "k": "sha",
          "v": "1743abbda89c6c709ce4c622d96d5c3a04967aab"
        },
        {
          "k": "repository",
          "v": "mustafa010223/sunum"
        },
        {
          "k": "repository_owner",
          "v": "mustafa010223"
        },
        {
          "k": "repository_owner_id",
          "v": "170242141"
        },
        {
          "k": "repositoryUrl",
          "v": "git://github.com/mustafa010223/sunum.git"
        },
        {
          "k": "run_id",
          "v": "15089646833"
        },
        {
          "k": "run_number",
          "v": "8"
        },
        {
          "k": "retention_days",
          "v": "90"
        },
        {
          "k": "run_attempt",
          "v": "1"
        },
        {
          "k": "artifact_cache_size_limit",
          "v": "10"
        },
        {
          "k": "repository_visibility",
          "v": "public"
        },
        {
          "k": "actor_id",
          "v": "170242141"
        },
        {
          "k": "actor",
          "v": "mustafa010223"
        },
        {
          "k": "workflow",
          "v": "CI/CD Pipeline"
        },
        {
          "k": "head_ref",
          "v": ""
        },
        {
          "k": "base_ref",
          "v": ""
        },
        {
          "k": "event_name",
          "v": "push"
        },
        {
          "k": "server_url",
          "v": "https://github.com"
        },
        {
          "k": "api_url",
          "v": "https://api.github.com"
        },
        {
          "k": "graphql_url",
          "v": "https://api.github.com/graphql"
        },
        {
          "k": "ref_name",
          "v": "dev"
        },
        {
          "k": "ref_protected",
          "v": false
        },
        {
          "k": "ref_type",
          "v": "branch"
        },
        {
          "k": "secret_source",
          "v": "Actions"
        },
        {
          "k": "event",
          "v": {
            "t": 2,
            "d": [
              {
                "k": "after",
                "v": "1743abbda89c6c709ce4c622d96d5c3a04967aab"
              },
              {
                "k": "base_ref",
                "v": null
              },
              {
                "k": "before",
                "v": "8dd3862bbddd3d11aa1d8eba91fdc53db26ef4a9"
              },
              {
                "k": "commits",
                "v": {
                  "t": 1,
                  "a": [
                    {
                      "t": 2,
                      "d": [
                        {
                          "k": "author",
                          "v": {
                            "t": 2,
                            "d": [
                              {
                                "k": "email",
                                "v": "mustafaasalik@gmail.com"
                              },
                              {
                                "k": "name",
                                "v": "mustafa010223"
                              },
                              {
                                "k": "username",
                                "v": "mustafa010223"
                              }
                            ]
                          }
                        },
                        {
                          "k": "committer",
                          "v": {
                            "t": 2,
                            "d": [
                              {
                                "k": "email",
                                "v": "mustafaasalik@gmail.com"
                              },
                              {
                                "k": "name",
                                "v": "mustafa010223"
                              },
                              {
                                "k": "username",
                                "v": "mustafa010223"
                              }
                            ]
                          }
                        },
                        {
                          "k": "distinct",
                          "v": true
                        },
                        {
                          "k": "id",
                          "v": "ee298e50a5618337b838b325d9431cc3ad97bbb6"
                        },
                        {
                          "k": "message",
                          "v": "CI/CD pipeline eklendi"
                        },
                        {
                          "k": "timestamp",
                          "v": "2025-05-18T00:13:35+02:00"
                        },
                        {
                          "k": "tree_id",
                          "v": "67996e220496a44db6e3f618647fea413000cf2e"
                        },
                        {
                          "k": "url",
                          "v": "https://github.com/mustafa010223/sunum/commit/ee298e50a5618337b838b325d9431cc3ad97bbb6"
                        }
                      ]
                    },
                    {
                      "t": 2,
                      "d": [
                        {
                          "k": "author",
                          "v": {
                            "t": 2,
                            "d": [
                              {
                                "k": "email",
                                "v": "mustafaasalik@gmail.com"
                              },
                              {
                                "k": "name",
                                "v": "mustafa010223"
                              },
                              {
                                "k": "username",
                                "v": "mustafa010223"
                              }
                            ]
                          }
                        },
                        {
                          "k": "committer",
                          "v": {
                            "t": 2,
                            "d": [
                              {
                                "k": "email",
                                "v": "mustafaasalik@gmail.com"
                              },
                              {
                                "k": "name",
                                "v": "mustafa010223"
                              },
                              {
                                "k": "username",
                                "v": "mustafa010223"
                              }
                            ]
                          }
                        },
                        {
                          "k": "distinct",
                          "v": true
                        },
                        {
                          "k": "id",
                          "v": "3d8a8620b63a82311117dfa728d1fe89e4f77c8a"
                        },
                        {
                          "k": "message",
                          "v": "CI/CD pipeline ve Docker compose güncellemesi"
                        },
                        {
                          "k": "timestamp",
                          "v": "2025-05-18T00:15:01+02:00"
                        },
                        {
                          "k": "tree_id",
                          "v": "3c590ed1abc4a1dae48367524bb8353976d37907"
                        },
                        {
                          "k": "url",
                          "v": "https://github.com/mustafa010223/sunum/commit/3d8a8620b63a82311117dfa728d1fe89e4f77c8a"
                        }
                      ]
                    },
                    {
                      "t": 2,
                      "d": [
                        {
                          "k": "author",
                          "v": {
                            "t": 2,
                            "d": [
                              {
                                "k": "email",
                                "v": "mustafaasalik@gmail.com"
                              },
                              {
                                "k": "name",
                                "v": "mustafa010223"
                              },
                              {
                                "k": "username",
                                "v": "mustafa010223"
                              }
                            ]
                          }
                        },
                        {
                          "k": "committer",
                          "v": {
                            "t": 2,
                            "d": [
                              {
                                "k": "email",
                                "v": "mustafaasalik@gmail.com"
                              },
                              {
                                "k": "name",
                                "v": "mustafa010223"
                              },
                              {
                                "k": "username",
                                "v": "mustafa010223"
                              }
                            ]
                          }
                        },
                        {
                          "k": "distinct",
                          "v": true
                        },
                        {
                          "k": "id",
                          "v": "c2f43e7c36070d8ac4c376f58de94f088abb2a98"
                        },
                        {
                          "k": "message",
                          "v": "🛑 Büyük dosyalar gitignore ile hariç tutuldu"
                        },
                        {
                          "k": "timestamp",
                          "v": "2025-05-18T00:15:24+02:00"
                        },
                        {
                          "k": "tree_id",
                          "v": "e72318fe6f3cdf53066e256e04f50262dfc6bde4"
                        },
                        {
                          "k": "url",
                          "v": "https://github.com/mustafa010223/sunum/commit/c2f43e7c36070d8ac4c376f58de94f088abb2a98"
                        }
                      ]
                    },
                    {
                      "t": 2,
                      "d": [
                        {
                          "k": "author",
                          "v": {
                            "t": 2,
                            "d": [
                              {
                                "k": "email",
                                "v": "mustafaasalik@gmail.com"
                              },
                              {
                                "k": "name",
                                "v": "mustafa010223"
                              },
                              {
                                "k": "username",
                                "v": "mustafa010223"
                              }
                            ]
                          }
                        },
                        {
                          "k": "committer",
                          "v": {
                            "t": 2,
                            "d": [
                              {
                                "k": "email",
                                "v": "mustafaasalik@gmail.com"
                              },
                              {
                                "k": "name",
                                "v": "mustafa010223"
                              },
                              {
                                "k": "username",
                                "v": "mustafa010223"
                              }
                            ]
                          }
                        },
                        {
                          "k": "distinct",
                          "v": true
                        },
                        {
                          "k": "id",
                          "v": "cfa899fda66454e95276ab70022533742f800f76"
                        },
                        {
                          "k": "message",
                          "v": "🚫 Removed large files and ignored actions-runner"
                        },
                        {
                          "k": "timestamp",
                          "v": "2025-05-18T00:15:24+02:00"
                        },
                        {
                          "k": "tree_id",
                          "v": "39ae8cd2124319bf3c99a9fcd4e5981873114b5c"
                        },
                        {
                          "k": "url",
                          "v": "https://github.com/mustafa010223/sunum/commit/cfa899fda66454e95276ab70022533742f800f76"
                        }
                      ]
                    },
                    {
                      "t": 2,
                      "d": [
                        {
                          "k": "author",
                          "v": {
                            "t": 2,
                            "d": [
                              {
                                "k": "email",
                                "v": "mustafaasalik@gmail.com"
                              },
                              {
                                "k": "name",
                                "v": "mustafa010223"
                              },
                              {
                                "k": "username",
                                "v": "mustafa010223"
                              }
                            ]
                          }
                        },
                        {
                          "k": "committer",
                          "v": {
                            "t": 2,
                            "d": [
                              {
                                "k": "email",
                                "v": "mustafaasalik@gmail.com"
                              },
                              {
                                "k": "name",
                                "v": "mustafa010223"
                              },
                              {
                                "k": "username",
                                "v": "mustafa010223"
                              }
                            ]
                          }
                        },
                        {
                          "k": "distinct",
                          "v": true
                        },
                        {
                          "k": "id",
                          "v": "64821f221a3a80f1beab83b966fcead25ce3b75c"
                        },
                        {
                          "k": "message",
                          "v": "🧹 temiz-sunum dizini .gitignore'a eklendi ve takip dışı bırakıldı"
                        },
                        {
                          "k": "timestamp",
                          "v": "2025-05-18T00:15:25+02:00"
                        },
                        {
                          "k": "tree_id",
                          "v": "dd8b5faaa60e6214801ccd7e928fb5031fa831d3"
                        },
                        {
                          "k": "url",
                          "v": "https://github.com/mustafa010223/sunum/commit/64821f221a3a80f1beab83b966fcead25ce3b75c"
                        }
                      ]
                    },
                    {
                      "t": 2,
                      "d": [
                        {
                          "k": "author",
                          "v": {
                            "t": 2,
                            "d": [
                              {
                                "k": "email",
                                "v": "mustafaasalik@gmail.com"
                              },
                              {
                                "k": "name",
                                "v": "mustafa010223"
                              },
                              {
                                "k": "username",
                                "v": "mustafa010223"
                              }
                            ]
                          }
                        },
                        {
                          "k": "committer",
                          "v": {
                            "t": 2,
                            "d": [
                              {
                                "k": "email",
                                "v": "mustafaasalik@gmail.com"
                              },
                              {
                                "k": "name",
                                "v": "mustafa010223"
                              },
                              {
                                "k": "username",
                                "v": "mustafa010223"
                              }
                            ]
                          }
                        },
                        {
                          "k": "distinct",
                          "v": true
                        },
                        {
                          "k": "id",
                          "v": "1743abbda89c6c709ce4c622d96d5c3a04967aab"
                        },
                        {
                          "k": "message",
                          "v": "Track large files with Git LFS"
                        },
                        {
                          "k": "timestamp",
                          "v": "2025-05-18T00:15:25+02:00"
                        },
                        {
                          "k": "tree_id",
                          "v": "08da40bd384a8b8fdbb40bb9e3a0b07ef4ab5e36"
                        },
                        {
                          "k": "url",
                          "v": "https://github.com/mustafa010223/sunum/commit/1743abbda89c6c709ce4c622d96d5c3a04967aab"
                        }
                      ]
                    }
                  ]
                }
              },
              {
                "k": "compare",
                "v": "https://github.com/mustafa010223/sunum/compare/8dd3862bbddd...1743abbda89c"
              },
              {
                "k": "created",
                "v": false
              },
              {
                "k": "deleted",
                "v": false
              },
              {
                "k": "forced",
                "v": false
              },
              {
                "k": "head_commit",
                "v": {
                  "t": 2,
                  "d": [
                    {
                      "k": "author",
                      "v": {
                        "t": 2,
                        "d": [
                          {
                            "k": "email",
                            "v": "mustafaasalik@gmail.com"
                          },
                          {
                            "k": "name",
                            "v": "mustafa010223"
                          },
                          {
                            "k": "username",
                            "v": "mustafa010223"
                          }
                        ]
                      }
                    },
                    {
                      "k": "committer",
                      "v": {
                        "t": 2,
                        "d": [
                          {
                            "k": "email",
                            "v": "mustafaasalik@gmail.com"
                          },
                          {
                            "k": "name",
                            "v": "mustafa010223"
                          },
                          {
                            "k": "username",
                            "v": "mustafa010223"
                          }
                        ]
                      }
                    },
                    {
                      "k": "distinct",
                      "v": true
                    },
                    {
                      "k": "id",
                      "v": "1743abbda89c6c709ce4c622d96d5c3a04967aab"
                    },
                    {
                      "k": "message",
                      "v": "Track large files with Git LFS"
                    },
                    {
                      "k": "timestamp",
                      "v": "2025-05-18T00:15:25+02:00"
                    },
                    {
                      "k": "tree_id",
                      "v": "08da40bd384a8b8fdbb40bb9e3a0b07ef4ab5e36"
                    },
                    {
                      "k": "url",
                      "v": "https://github.com/mustafa010223/sunum/commit/1743abbda89c6c709ce4c622d96d5c3a04967aab"
                    }
                  ]
                }
              },
              {
                "k": "pusher",
                "v": {
                  "t": 2,
                  "d": [
                    {
                      "k": "email",
                      "v": "mustafaasalik@gmail.com"
                    },
                    {
                      "k": "name",
                      "v": "mustafa010223"
                    }
                  ]
                }
              },
              {
                "k": "ref",
                "v": "refs/heads/dev"
              },
              {
                "k": "repository",
                "v": {
                  "t": 2,
                  "d": [
                    {
                      "k": "allow_forking",
                      "v": true
                    },
                    {
                      "k": "archive_url",
                      "v": "https://api.github.com/repos/mustafa010223/sunum/{archive_format}{/ref}"
                    },
                    {
                      "k": "archived",
                      "v": false
                    },
                    {
                      "k": "assignees_url",
                      "v": "https://api.github.com/repos/mustafa010223/sunum/assignees{/user}"
                    },
                    {
                      "k": "blobs_url",
                      "v": "https://api.github.com/repos/mustafa010223/sunum/git/blobs{/sha}"
                    },
                    {
                      "k": "branches_url",
                      "v": "https://api.github.com/repos/mustafa010223/sunum/branches{/branch}"
                    },
                    {
                      "k": "clone_url",
                      "v": "https://github.com/mustafa010223/sunum.git"
                    },
                    {
                      "k": "collaborators_url",
                      "v": "https://api.github.com/repos/mustafa010223/sunum/collaborators{/collaborator}"
                    },
                    {
                      "k": "comments_url",
                      "v": "https://api.github.com/repos/mustafa010223/sunum/comments{/number}"
                    },
                    {
                      "k": "commits_url",
                      "v": "https://api.github.com/repos/mustafa010223/sunum/commits{/sha}"
                    },
                    {
                      "k": "compare_url",
                      "v": "https://api.github.com/repos/mustafa010223/sunum/compare/{base}...{head}"
                    },
                    {
                      "k": "contents_url",
                      "v": "https://api.github.com/repos/mustafa010223/sunum/contents/{+path}"
                    },
                    {
                      "k": "contributors_url",
                      "v": "https://api.github.com/repos/mustafa010223/sunum/contributors"
                    },
                    {
                      "k": "created_at",
                      "v": 1747484638.0
                    },
                    {
                      "k": "default_branch",
                      "v": "main"
                    },
                    {
                      "k": "deployments_url",
                      "v": "https://api.github.com/repos/mustafa010223/sunum/deployments"
                    },
                    {
                      "k": "description",
                      "v": null
                    },
                    {
                      "k": "disabled",
                      "v": false
                    },
                    {
                      "k": "downloads_url",
                      "v": "https://api.github.com/repos/mustafa010223/sunum/downloads"
                    },
                    {
                      "k": "events_url",
                      "v": "https://api.github.com/repos/mustafa010223/sunum/events"
                    },
                    {
                      "k": "fork",
                      "v": false
                    },
                    {
                      "k": "forks",
                      "v": 0.0
                    },
                    {
                      "k": "forks_count",
                      "v": 0.0
                    },
                    {
                      "k": "forks_url",
                      "v": "https://api.github.com/repos/mustafa010223/sunum/forks"
                    },
                    {
                      "k": "full_name",
                      "v": "mustafa010223/sunum"
                    },
                    {
                      "k": "git_commits_url",
                      "v": "https://api.github.com/repos/mustafa010223/sunum/git/commits{/sha}"
                    },
                    {
                      "k": "git_refs_url",
                      "v": "https://api.github.com/repos/mustafa010223/sunum/git/refs{/sha}"
                    },
                    {
                      "k": "git_tags_url",
                      "v": "https://api.github.com/repos/mustafa010223/sunum/git/tags{/sha}"
                    },
                    {
                      "k": "git_url",
                      "v": "git://github.com/mustafa010223/sunum.git"
                    },
                    {
                      "k": "has_discussions",
                      "v": false
                    },
                    {
                      "k": "has_downloads",
                      "v": true
                    },
                    {
                      "k": "has_issues",
                      "v": true
                    },
                    {
                      "k": "has_pages",
                      "v": false
                    },
                    {
                      "k": "has_projects",
                      "v": true
                    },
                    {
                      "k": "has_wiki",
                      "v": true
                    },
                    {
                      "k": "homepage",
                      "v": null
                    },
                    {
                      "k": "hooks_url",
                      "v": "https://api.github.com/repos/mustafa010223/sunum/hooks"
                    },
                    {
                      "k": "html_url",
                      "v": "https://github.com/mustafa010223/sunum"
                    },
                    {
                      "k": "id",
                      "v": 985274321.0
                    },
                    {
                      "k": "is_template",
                      "v": false
                    },
                    {
                      "k": "issue_comment_url",
                      "v": "https://api.github.com/repos/mustafa010223/sunum/issues/comments{/number}"
                    },
                    {
                      "k": "issue_events_url",
                      "v": "https://api.github.com/repos/mustafa010223/sunum/issues/events{/number}"
                    },
                    {
                      "k": "issues_url",
                      "v": "https://api.github.com/repos/mustafa010223/sunum/issues{/number}"
                    },
                    {
                      "k": "keys_url",
                      "v": "https://api.github.com/repos/mustafa010223/sunum/keys{/key_id}"
                    },
                    {
                      "k": "labels_url",
                      "v": "https://api.github.com/repos/mustafa010223/sunum/labels{/name}"
                    },
                    {
                      "k": "language",
                      "v": null
                    },
                    {
                      "k": "languages_url",
                      "v": "https://api.github.com/repos/mustafa010223/sunum/languages"
                    },
                    {
                      "k": "license",
                      "v": null
                    },
                    {
                      "k": "master_branch",
                      "v": "main"
                    },
                    {
                      "k": "merges_url",
                      "v": "https://api.github.com/repos/mustafa010223/sunum/merges"
                    },
                    {
                      "k": "milestones_url",
                      "v": "https://api.github.com/repos/mustafa010223/sunum/milestones{/number}"
                    },
                    {
                      "k": "mirror_url",
                      "v": null
                    },
                    {
                      "k": "name",
                      "v": "sunum"
                    },
                    {
                      "k": "node_id",
                      "v": "R_kgDOOroX0Q"
                    },
                    {
                      "k": "notifications_url",
                      "v": "https://api.github.com/repos/mustafa010223/sunum/notifications{?since,all,participating}"
                    },
                    {
                      "k": "open_issues",
                      "v": 0.0
                    },
                    {
                      "k": "open_issues_count",
                      "v": 0.0
                    },
                    {
                      "k": "owner",
                      "v": {
                        "t": 2,
                        "d": [
                          {
                            "k": "avatar_url",
                            "v": "https://avatars.githubusercontent.com/u/170242141?v=4"
                          },
                          {
                            "k": "email",
                            "v": "mustafaasalik@gmail.com"
                          },
                          {
                            "k": "events_url",
                            "v": "https://api.github.com/users/mustafa010223/events{/privacy}"
                          },
                          {
                            "k": "followers_url",
                            "v": "https://api.github.com/users/mustafa010223/followers"
                          },
                          {
                            "k": "following_url",
                            "v": "https://api.github.com/users/mustafa010223/following{/other_user}"
                          },
                          {
                            "k": "gists_url",
                            "v": "https://api.github.com/users/mustafa010223/gists{/gist_id}"
                          },
                          {
                            "k": "gravatar_id",
                            "v": ""
                          },
                          {
                            "k": "html_url",
                            "v": "https://github.com/mustafa010223"
                          },
                          {
                            "k": "id",
                            "v": 170242141.0
                          },
                          {
                            "k": "login",
                            "v": "mustafa010223"
                          },
                          {
                            "k": "name",
                            "v": "mustafa010223"
                          },
                          {
                            "k": "node_id",
                            "v": "U_kgDOCiWwXQ"
                          },
                          {
                            "k": "organizations_url",
                            "v": "https://api.github.com/users/mustafa010223/orgs"
                          },
                          {
                            "k": "received_events_url",
                            "v": "https://api.github.com/users/mustafa010223/received_events"
                          },
                          {
                            "k": "repos_url",
                            "v": "https://api.github.com/users/mustafa010223/repos"
                          },
                          {
                            "k": "site_admin",
                            "v": false
                          },
                          {
                            "k": "starred_url",
                            "v": "https://api.github.com/users/mustafa010223/starred{/owner}{/repo}"
                          },
                          {
                            "k": "subscriptions_url",
                            "v": "https://api.github.com/users/mustafa010223/subscriptions"
                          },
                          {
                            "k": "type",
                            "v": "User"
                          },
                          {
                            "k": "url",
                            "v": "https://api.github.com/users/mustafa010223"
                          },
                          {
                            "k": "user_view_type",
                            "v": "public"
                          }
                        ]
                      }
                    },
                    {
                      "k": "private",
                      "v": false
                    },
                    {
                      "k": "pulls_url",
                      "v": "https://api.github.com/repos/mustafa010223/sunum/pulls{/number}"
                    },
                    {
                      "k": "pushed_at",
                      "v": 1747520606.0
                    },
                    {
                      "k": "releases_url",
                      "v": "https://api.github.com/repos/mustafa010223/sunum/releases{/id}"
                    },
                    {
                      "k": "size",
                      "v": 45359.0
                    },
                    {
                      "k": "ssh_url",
                      "v": "git@github.com:mustafa010223/sunum.git"
                    },
                    {
                      "k": "stargazers",
                      "v": 0.0
                    },
                    {
                      "k": "stargazers_count",
                      "v": 0.0
                    },
                    {
                      "k": "stargazers_url",
                      "v": "https://api.github.com/repos/mustafa010223/sunum/stargazers"
                    },
                    {
                      "k": "statuses_url",
                      "v": "https://api.github.com/repos/mustafa010223/sunum/statuses/{sha}"
                    },
                    {
                      "k": "subscribers_url",
                      "v": "https://api.github.com/repos/mustafa010223/sunum/subscribers"
                    },
                    {
                      "k": "subscription_url",
                      "v": "https://api.github.com/repos/mustafa010223/sunum/subscription"
                    },
                    {
                      "k": "svn_url",
                      "v": "https://github.com/mustafa010223/sunum"
                    },
                    {
                      "k": "tags_url",
                      "v": "https://api.github.com/repos/mustafa010223/sunum/tags"
                    },
                    {
                      "k": "teams_url",
                      "v": "https://api.github.com/repos/mustafa010223/sunum/teams"
                    },
                    {
                      "k": "topics",
                      "v": {
                        "t": 1
                      }
                    },
                    {
                      "k": "trees_url",
                      "v": "https://api.github.com/repos/mustafa010223/sunum/git/trees{/sha}"
                    },
                    {
                      "k": "updated_at",
                      "v": "2025-05-17T12:24:01Z"
                    },
                    {
                      "k": "url",
                      "v": "https://api.github.com/repos/mustafa010223/sunum"
                    },
                    {
                      "k": "visibility",
                      "v": "public"
                    },
                    {
                      "k": "watchers",
                      "v": 0.0
                    },
                    {
                      "k": "watchers_count",
                      "v": 0.0
                    },
                    {
                      "k": "web_commit_signoff_required",
                      "v": false
                    }
                  ]
                }
              },
              {
                "k": "sender",
                "v": {
                  "t": 2,
                  "d": [
                    {
                      "k": "avatar_url",
                      "v": "https://avatars.githubusercontent.com/u/170242141?v=4"
                    },
                    {
                      "k": "events_url",
                      "v": "https://api.github.com/users/mustafa010223/events{/privacy}"
                    },
                    {
                      "k": "followers_url",
                      "v": "https://api.github.com/users/mustafa010223/followers"
                    },
                    {
                      "k": "following_url",
                      "v": "https://api.github.com/users/mustafa010223/following{/other_user}"
                    },
                    {
                      "k": "gists_url",
                      "v": "https://api.github.com/users/mustafa010223/gists{/gist_id}"
                    },
                    {
                      "k": "gravatar_id",
                      "v": ""
                    },
                    {
                      "k": "html_url",
                      "v": "https://github.com/mustafa010223"
                    },
                    {
                      "k": "id",
                      "v": 170242141.0
                    },
                    {
                      "k": "login",
                      "v": "mustafa010223"
                    },
                    {
                      "k": "node_id",
                      "v": "U_kgDOCiWwXQ"
                    },
                    {
                      "k": "organizations_url",
                      "v": "https://api.github.com/users/mustafa010223/orgs"
                    },
                    {
                      "k": "received_events_url",
                      "v": "https://api.github.com/users/mustafa010223/received_events"
                    },
                    {
                      "k": "repos_url",
                      "v": "https://api.github.com/users/mustafa010223/repos"
                    },
                    {
                      "k": "site_admin",
                      "v": false
                    },
                    {
                      "k": "starred_url",
                      "v": "https://api.github.com/users/mustafa010223/starred{/owner}{/repo}"
                    },
                    {
                      "k": "subscriptions_url",
                      "v": "https://api.github.com/users/mustafa010223/subscriptions"
                    },
                    {
                      "k": "type",
                      "v": "User"
                    },
                    {
                      "k": "url",
                      "v": "https://api.github.com/users/mustafa010223"
                    },
                    {
                      "k": "user_view_type",
                      "v": "public"
                    }
                  ]
                }
              }
            ]
          }
        },
        {
          "k": "workflow_ref",
          "v": "mustafa010223/sunum/.github/workflows/ci-cd.yml@refs/heads/dev"
        },
        {
          "k": "workflow_sha",
          "v": "1743abbda89c6c709ce4c622d96d5c3a04967aab"
        },
        {
          "k": "repository_id",
          "v": "985274321"
        },
        {
          "k": "triggering_actor",
          "v": "mustafa010223"
        }
      ]
    },
    "inputs": {
      "t": 2
    },
    "matrix": null,
    "needs": {
      "t": 2
    },
    "strategy": {
      "t": 2,
      "d": [
        {
          "k": "fail-fast",
          "v": true
        },
        {
          "k": "job-index",
          "v": 0.0
        },
        {
          "k": "job-total",
          "v": 1.0
        },
        {
          "k": "max-parallel",
          "v": 1.0
        }
      ]
    },
    "vars": {
      "t": 2
    }
  },
  "billingOwnerId": "U_kgDOCiWwXQ"
}
[2025-05-17 22:30:44Z INFO JobRunner] Job ID 2a72c351-e5b2-5247-ba27-afc97887605c
[2025-05-17 22:30:44Z INFO ConfigurationStore] currentAssemblyLocation: /home/mustafa/sunum/actions-runner/bin/Runner.Worker.dll
[2025-05-17 22:30:44Z INFO HostContext] Well known directory 'Bin': '/home/mustafa/sunum/actions-runner/bin'
[2025-05-17 22:30:44Z INFO ConfigurationStore] binPath: /home/mustafa/sunum/actions-runner/bin
[2025-05-17 22:30:44Z INFO HostContext] Well known directory 'Bin': '/home/mustafa/sunum/actions-runner/bin'
[2025-05-17 22:30:44Z INFO HostContext] Well known directory 'Root': '/home/mustafa/sunum/actions-runner'
[2025-05-17 22:30:44Z INFO ConfigurationStore] RootFolder: /home/mustafa/sunum/actions-runner
[2025-05-17 22:30:44Z INFO HostContext] Well known directory 'Bin': '/home/mustafa/sunum/actions-runner/bin'
[2025-05-17 22:30:44Z INFO HostContext] Well known directory 'Root': '/home/mustafa/sunum/actions-runner'
[2025-05-17 22:30:44Z INFO HostContext] Well known config file 'Runner': '/home/mustafa/sunum/actions-runner/.runner'
[2025-05-17 22:30:44Z INFO ConfigurationStore] ConfigFilePath: /home/mustafa/sunum/actions-runner/.runner
[2025-05-17 22:30:44Z INFO HostContext] Well known directory 'Bin': '/home/mustafa/sunum/actions-runner/bin'
[2025-05-17 22:30:44Z INFO HostContext] Well known directory 'Root': '/home/mustafa/sunum/actions-runner'
[2025-05-17 22:30:44Z INFO HostContext] Well known config file 'MigratedRunner': '/home/mustafa/sunum/actions-runner/.runner_migrated'
[2025-05-17 22:30:44Z INFO ConfigurationStore] MigratedConfigFilePath: /home/mustafa/sunum/actions-runner/.runner_migrated
[2025-05-17 22:30:44Z INFO HostContext] Well known directory 'Bin': '/home/mustafa/sunum/actions-runner/bin'
[2025-05-17 22:30:44Z INFO HostContext] Well known directory 'Root': '/home/mustafa/sunum/actions-runner'
[2025-05-17 22:30:44Z INFO HostContext] Well known config file 'Credentials': '/home/mustafa/sunum/actions-runner/.credentials'
[2025-05-17 22:30:44Z INFO ConfigurationStore] CredFilePath: /home/mustafa/sunum/actions-runner/.credentials
[2025-05-17 22:30:44Z INFO HostContext] Well known directory 'Bin': '/home/mustafa/sunum/actions-runner/bin'
[2025-05-17 22:30:44Z INFO HostContext] Well known directory 'Root': '/home/mustafa/sunum/actions-runner'
[2025-05-17 22:30:44Z INFO HostContext] Well known config file 'MigratedCredentials': '/home/mustafa/sunum/actions-runner/.credentials_migrated'
[2025-05-17 22:30:44Z INFO ConfigurationStore] MigratedCredFilePath: /home/mustafa/sunum/actions-runner/.credentials_migrated
[2025-05-17 22:30:44Z INFO HostContext] Well known directory 'Bin': '/home/mustafa/sunum/actions-runner/bin'
[2025-05-17 22:30:44Z INFO HostContext] Well known directory 'Root': '/home/mustafa/sunum/actions-runner'
[2025-05-17 22:30:44Z INFO HostContext] Well known config file 'Service': '/home/mustafa/sunum/actions-runner/.service'
[2025-05-17 22:30:44Z INFO ConfigurationStore] ServiceConfigFilePath: /home/mustafa/sunum/actions-runner/.service
[2025-05-17 22:30:44Z INFO ConfigurationStore] Read setting file: 286 chars
[2025-05-17 22:30:44Z INFO JobRunner] Initializing launch client
[2025-05-17 22:30:44Z INFO JobServerQueue] Initializing results client
[2025-05-17 22:30:44Z INFO ResultServer] Creating websocket client ...wss://results-receiver.actions.githubusercontent.com/_ws/ingest.sock
[2025-05-17 22:30:44Z INFO ResultServer] Attempting to start websocket client with delay 00:00:00.
[2025-05-17 22:30:44Z INFO JobServerQueue] Start process web console line queue.
[2025-05-17 22:30:45Z INFO JobServerQueue] Start process file upload queue.
[2025-05-17 22:30:45Z INFO JobServerQueue] Start results file upload queue.
[2025-05-17 22:30:45Z INFO JobServerQueue] Starting results-based upload queue...
[2025-05-17 22:30:45Z INFO JobServerQueue] Start process timeline update queue.
[2025-05-17 22:30:45Z INFO ExecutionContext] Initializing Job context
[2025-05-17 22:30:45Z INFO ExecutionContext] Initialize GitHub context
[2025-05-17 22:30:45Z INFO ExecutionContext] Initialize Env context
[2025-05-17 22:30:45Z INFO HostContext] Well known directory 'Bin': '/home/mustafa/sunum/actions-runner/bin'
[2025-05-17 22:30:45Z INFO HostContext] Well known directory 'Root': '/home/mustafa/sunum/actions-runner'
[2025-05-17 22:30:45Z INFO HostContext] Well known directory 'Diag': '/home/mustafa/sunum/actions-runner/_diag'
[2025-05-17 22:30:45Z INFO HostContext] Well known directory 'Bin': '/home/mustafa/sunum/actions-runner/bin'
[2025-05-17 22:30:45Z INFO HostContext] Well known directory 'Root': '/home/mustafa/sunum/actions-runner'
[2025-05-17 22:30:45Z INFO HostContext] Well known directory 'Diag': '/home/mustafa/sunum/actions-runner/_diag'
[2025-05-17 22:30:45Z INFO JobRunner] Starting the job execution context.
[2025-05-17 22:30:45Z INFO HostContext] Well known directory 'Bin': '/home/mustafa/sunum/actions-runner/bin'
[2025-05-17 22:30:45Z INFO HostContext] Well known directory 'Root': '/home/mustafa/sunum/actions-runner'
[2025-05-17 22:30:45Z INFO HostContext] Well known directory 'Work': '/home/mustafa/sunum/actions-runner/_work'
[2025-05-17 22:30:45Z INFO JobRunner] Validating directory permissions for: '/home/mustafa/sunum/actions-runner/_work'
[2025-05-17 22:30:45Z INFO HostContext] Well known directory 'Bin': '/home/mustafa/sunum/actions-runner/bin'
[2025-05-17 22:30:45Z INFO HostContext] Well known directory 'Root': '/home/mustafa/sunum/actions-runner'
[2025-05-17 22:30:45Z INFO HostContext] Well known directory 'Work': '/home/mustafa/sunum/actions-runner/_work'
[2025-05-17 22:30:45Z INFO HostContext] Well known directory 'Tools': '/home/mustafa/sunum/actions-runner/_work/_tool'
[2025-05-17 22:30:45Z INFO HostContext] Well known directory 'Bin': '/home/mustafa/sunum/actions-runner/bin'
[2025-05-17 22:30:45Z INFO HostContext] Well known directory 'Root': '/home/mustafa/sunum/actions-runner'
[2025-05-17 22:30:45Z INFO HostContext] Well known directory 'Work': '/home/mustafa/sunum/actions-runner/_work'
[2025-05-17 22:30:45Z INFO HostContext] Well known directory 'Temp': '/home/mustafa/sunum/actions-runner/_work/_temp'
[2025-05-17 22:30:45Z INFO JobRunner] Getting job extension.
[2025-05-17 22:30:45Z INFO JobRunner] Initialize job. Getting all job steps.
[2025-05-17 22:30:45Z INFO HostContext] Well known directory 'Bin': '/home/mustafa/sunum/actions-runner/bin'
[2025-05-17 22:30:45Z INFO HostContext] Well known directory 'Root': '/home/mustafa/sunum/actions-runner'
[2025-05-17 22:30:45Z INFO HostContext] Well known directory 'Diag': '/home/mustafa/sunum/actions-runner/_diag'
[2025-05-17 22:30:45Z INFO HostContext] Well known directory 'Bin': '/home/mustafa/sunum/actions-runner/bin'
[2025-05-17 22:30:45Z INFO HostContext] Well known directory 'Root': '/home/mustafa/sunum/actions-runner'
[2025-05-17 22:30:45Z INFO HostContext] Well known directory 'Diag': '/home/mustafa/sunum/actions-runner/_diag'
[2025-05-17 22:30:45Z INFO HostContext] Well known directory 'Bin': '/home/mustafa/sunum/actions-runner/bin'
[2025-05-17 22:30:45Z INFO HostContext] Well known directory 'Root': '/home/mustafa/sunum/actions-runner'
[2025-05-17 22:30:45Z INFO HostContext] Well known config file 'Credentials': '/home/mustafa/sunum/actions-runner/.credentials'
[2025-05-17 22:30:45Z INFO HostContext] Well known directory 'Bin': '/home/mustafa/sunum/actions-runner/bin'
[2025-05-17 22:30:45Z INFO HostContext] Well known directory 'Root': '/home/mustafa/sunum/actions-runner'
[2025-05-17 22:30:45Z INFO HostContext] Well known config file 'SetupInfo': '/home/mustafa/sunum/actions-runner/.setup_info'
[2025-05-17 22:30:45Z INFO HostContext] Well known directory 'Bin': '/home/mustafa/sunum/actions-runner/bin'
[2025-05-17 22:30:45Z INFO HostContext] Well known directory 'Root': '/home/mustafa/sunum/actions-runner'
[2025-05-17 22:30:45Z INFO HostContext] Well known directory 'Work': '/home/mustafa/sunum/actions-runner/_work'
[2025-05-17 22:30:45Z INFO PipelineDirectoryManager] Loading tracking config if exists: /home/mustafa/sunum/actions-runner/_work/_PipelineMapping/mustafa010223/sunum/PipelineFolder.json
[2025-05-17 22:30:45Z INFO PipelineDirectoryManager] Updating job run properties.
[2025-05-17 22:30:45Z INFO HostContext] Well known directory 'Bin': '/home/mustafa/sunum/actions-runner/bin'
[2025-05-17 22:30:45Z INFO HostContext] Well known directory 'Root': '/home/mustafa/sunum/actions-runner'
[2025-05-17 22:30:45Z INFO HostContext] Well known directory 'Work': '/home/mustafa/sunum/actions-runner/_work'
[2025-05-17 22:30:45Z INFO HostContext] Well known directory 'Bin': '/home/mustafa/sunum/actions-runner/bin'
[2025-05-17 22:30:45Z INFO HostContext] Well known directory 'Root': '/home/mustafa/sunum/actions-runner'
[2025-05-17 22:30:45Z INFO HostContext] Well known directory 'Work': '/home/mustafa/sunum/actions-runner/_work'
[2025-05-17 22:30:45Z INFO HostContext] Well known directory 'Bin': '/home/mustafa/sunum/actions-runner/bin'
[2025-05-17 22:30:45Z INFO HostContext] Well known directory 'Root': '/home/mustafa/sunum/actions-runner'
[2025-05-17 22:30:45Z INFO HostContext] Well known directory 'Work': '/home/mustafa/sunum/actions-runner/_work'
[2025-05-17 22:30:45Z INFO JobExtension] Downloading actions
[2025-05-17 22:30:45Z INFO HostContext] Well known directory 'Bin': '/home/mustafa/sunum/actions-runner/bin'
[2025-05-17 22:30:45Z INFO HostContext] Well known directory 'Root': '/home/mustafa/sunum/actions-runner'
[2025-05-17 22:30:45Z INFO HostContext] Well known directory 'Work': '/home/mustafa/sunum/actions-runner/_work'
[2025-05-17 22:30:45Z INFO HostContext] Well known directory 'Actions': '/home/mustafa/sunum/actions-runner/_work/_actions'
[2025-05-17 22:30:45Z INFO Worker] Listening for cancel message from the channel.
[2025-05-17 22:30:45Z INFO Worker] Waiting for the job to complete or for a cancel message from the channel.
[2025-05-17 22:30:45Z INFO ResultServer] Successfully started websocket client.
[2025-05-17 22:30:45Z INFO JobServerQueue] Try to append 1 batches web console lines for record 'ae77e187-31e0-41ec-860b-5d2389d335ea', success rate: 1/1.
[2025-05-17 22:30:45Z INFO JobServerQueue] Job timeline record has been updated for the first time.
[2025-05-17 22:30:46Z INFO HostContext] Well known directory 'Bin': '/home/mustafa/sunum/actions-runner/bin'
[2025-05-17 22:30:46Z INFO HostContext] Well known directory 'Root': '/home/mustafa/sunum/actions-runner'
[2025-05-17 22:30:46Z INFO HostContext] Well known directory 'Work': '/home/mustafa/sunum/actions-runner/_work'
[2025-05-17 22:30:46Z INFO HostContext] Well known directory 'Actions': '/home/mustafa/sunum/actions-runner/_work/_actions'
[2025-05-17 22:30:46Z INFO HostContext] Well known directory 'Bin': '/home/mustafa/sunum/actions-runner/bin'
[2025-05-17 22:30:46Z INFO HostContext] Well known directory 'Root': '/home/mustafa/sunum/actions-runner'
[2025-05-17 22:30:46Z INFO HostContext] Well known directory 'Work': '/home/mustafa/sunum/actions-runner/_work'
[2025-05-17 22:30:46Z INFO HostContext] Well known directory 'Actions': '/home/mustafa/sunum/actions-runner/_work/_actions'
[2025-05-17 22:30:46Z INFO ActionManager] Save archive 'https://api.github.com/repos/actions/checkout/tarball/f43a0e5ff2bd294095638e18286ca9a3d1956744' into /home/mustafa/sunum/actions-runner/_work/_actions/_temp_0ca81586-d981-432d-a7a9-ff686e4e3b6b/cccffc53-6955-475a-81cb-05ad296b7018.tar.gz.
[2025-05-17 22:30:46Z INFO JobServerQueue] Try to append 1 batches web console lines for record 'ae77e187-31e0-41ec-860b-5d2389d335ea', success rate: 1/1.
[2025-05-17 22:30:46Z INFO ActionManager] Request URL: https://api.github.com/repos/actions/checkout/tarball/f43a0e5ff2bd294095638e18286ca9a3d1956744 X-GitHub-Request-Id: 04CA:186ED1:4D33A:72EFF:68290E16 Http Status: OK
[2025-05-17 22:30:46Z INFO ActionManager] Which2: 'tar'
[2025-05-17 22:30:47Z INFO ActionManager] Location: '/usr/bin/tar'
[2025-05-17 22:30:47Z INFO ProcessInvokerWrapper] Starting process:
[2025-05-17 22:30:47Z INFO ProcessInvokerWrapper]   File name: '/usr/bin/tar'
[2025-05-17 22:30:47Z INFO ProcessInvokerWrapper]   Arguments: '-xzf "/home/mustafa/sunum/actions-runner/_work/_actions/_temp_0ca81586-d981-432d-a7a9-ff686e4e3b6b/cccffc53-6955-475a-81cb-05ad296b7018.tar.gz"'
[2025-05-17 22:30:47Z INFO ProcessInvokerWrapper]   Working directory: '/home/mustafa/sunum/actions-runner/_work/_actions/_temp_0ca81586-d981-432d-a7a9-ff686e4e3b6b/_staging'
[2025-05-17 22:30:47Z INFO ProcessInvokerWrapper]   Require exit code zero: 'False'
[2025-05-17 22:30:47Z INFO ProcessInvokerWrapper]   Encoding web name:  ; code page: ''
[2025-05-17 22:30:47Z INFO ProcessInvokerWrapper]   Force kill process on cancellation: 'False'
[2025-05-17 22:30:47Z INFO ProcessInvokerWrapper]   Redirected STDIN: 'False'
[2025-05-17 22:30:47Z INFO ProcessInvokerWrapper]   Persist current code page: 'False'
[2025-05-17 22:30:47Z INFO ProcessInvokerWrapper]   Keep redirected STDIN open: 'False'
[2025-05-17 22:30:47Z INFO ProcessInvokerWrapper]   High priority process: 'False'
[2025-05-17 22:30:47Z INFO ProcessInvokerWrapper] Updated oom_score_adj to 500 for PID: 207403.
[2025-05-17 22:30:47Z INFO ProcessInvokerWrapper] Process started with process id 207403, waiting for process exit.
[2025-05-17 22:30:47Z INFO ProcessInvokerWrapper] STDOUT/STDERR stream read finished.
[2025-05-17 22:30:47Z INFO ProcessInvokerWrapper] STDOUT/STDERR stream read finished.
[2025-05-17 22:30:47Z INFO ProcessInvokerWrapper] Finished process 207403 with exit code 0, and elapsed time 00:00:00.0338351.
[2025-05-17 22:30:47Z INFO ActionManager] Finished getting action repository.
[2025-05-17 22:30:47Z INFO HostContext] Well known directory 'Bin': '/home/mustafa/sunum/actions-runner/bin'
[2025-05-17 22:30:47Z INFO HostContext] Well known directory 'Root': '/home/mustafa/sunum/actions-runner'
[2025-05-17 22:30:47Z INFO HostContext] Well known directory 'Work': '/home/mustafa/sunum/actions-runner/_work'
[2025-05-17 22:30:47Z INFO HostContext] Well known directory 'Actions': '/home/mustafa/sunum/actions-runner/_work/_actions'
[2025-05-17 22:30:47Z INFO ActionManifestManager] Load schema file with definitions: [
  "null",
  "boolean",
  "number",
  "string",
  "sequence",
  "mapping",
  "any",
  "action-root",
  "inputs",
  "input",
  "outputs",
  "output-definition",
  "runs",
  "container-runs",
  "container-runs-args",
  "container-runs-env",
  "node-runs",
  "plugin-runs",
  "composite-runs",
  "composite-steps",
  "composite-step",
  "run-step",
  "uses-step",
  "container-runs-context",
  "output-value",
  "input-default-context",
  "non-empty-string",
  "string-steps-context",
  "boolean-steps-context",
  "step-env",
  "step-if",
  "step-with"
]
[2025-05-17 22:30:47Z INFO HostContext] Well known directory 'Bin': '/home/mustafa/sunum/actions-runner/bin'
[2025-05-17 22:30:47Z INFO HostContext] Well known directory 'Root': '/home/mustafa/sunum/actions-runner'
[2025-05-17 22:30:47Z INFO HostContext] Well known directory 'Work': '/home/mustafa/sunum/actions-runner/_work'
[2025-05-17 22:30:47Z INFO HostContext] Well known directory 'Actions': '/home/mustafa/sunum/actions-runner/_work/_actions'
[2025-05-17 22:30:47Z INFO ActionManifestManager] Loaded action.yml file: {
  "name": "Checkout",
  "description": "Checkout a Git repository at a particular version",
  "inputs": {
    "type": 2,
    "map": [
      {
        "key": {
          "type": 0,
          "file": 2,
          "line": 4,
          "col": 3,
          "lit": "repository"
        },
        "value": {
          "type": 3,
          "file": 2,
          "line": 6,
          "col": 14,
          "expr": "github.repository"
        }
      },
      {
        "key": {
          "type": 0,
          "file": 2,
          "line": 7,
          "col": 3,
          "lit": "ref"
        },
        "value": ""
      },
      {
        "key": {
          "type": 0,
          "file": 2,
          "line": 12,
          "col": 3,
          "lit": "token"
        },
        "value": {
          "type": 3,
          "file": 2,
          "line": 24,
          "col": 14,
          "expr": "github.token"
        }
      },
      {
        "key": {
          "type": 0,
          "file": 2,
          "line": 25,
          "col": 3,
          "lit": "ssh-key"
        },
        "value": ""
      },
      {
        "key": {
          "type": 0,
          "file": 2,
          "line": 37,
          "col": 3,
          "lit": "ssh-known-hosts"
        },
        "value": ""
      },
      {
        "key": {
          "type": 0,
          "file": 2,
          "line": 42,
          "col": 3,
          "lit": "ssh-strict"
        },
        "value": {
          "type": 0,
          "file": 2,
          "line": 47,
          "col": 14,
          "lit": "true"
        }
      },
      {
        "key": {
          "type": 0,
          "file": 2,
          "line": 48,
          "col": 3,
          "lit": "persist-credentials"
        },
        "value": {
          "type": 0,
          "file": 2,
          "line": 50,
          "col": 14,
          "lit": "true"
        }
      },
      {
        "key": {
          "type": 0,
          "file": 2,
          "line": 51,
          "col": 3,
          "lit": "path"
        },
        "value": ""
      },
      {
        "key": {
          "type": 0,
          "file": 2,
          "line": 53,
          "col": 3,
          "lit": "clean"
        },
        "value": {
          "type": 0,
          "file": 2,
          "line": 55,
          "col": 14,
          "lit": "true"
        }
      },
      {
        "key": {
          "type": 0,
          "file": 2,
          "line": 56,
          "col": 3,
          "lit": "sparse-checkout"
        },
        "value": {
          "type": 0,
          "file": 2,
          "line": 60,
          "col": 14,
          "lit": ""
        }
      },
      {
        "key": {
          "type": 0,
          "file": 2,
          "line": 61,
          "col": 3,
          "lit": "sparse-checkout-cone-mode"
        },
        "value": {
          "type": 0,
          "file": 2,
          "line": 64,
          "col": 14,
          "lit": "true"
        }
      },
      {
        "key": {
          "type": 0,
          "file": 2,
          "line": 65,
          "col": 3,
          "lit": "fetch-depth"
        },
        "value": {
          "type": 0,
          "file": 2,
          "line": 67,
          "col": 14,
          "lit": "1"
        }
      },
      {
        "key": {
          "type": 0,
          "file": 2,
          "line": 68,
          "col": 3,
          "lit": "fetch-tags"
        },
        "value": {
          "type": 0,
          "file": 2,
          "line": 70,
          "col": 14,
          "lit": "false"
        }
      },
      {
        "key": {
          "type": 0,
          "file": 2,
          "line": 71,
          "col": 3,
          "lit": "lfs"
        },
        "value": {
          "type": 0,
          "file": 2,
          "line": 73,
          "col": 14,
          "lit": "false"
        }
      },
      {
        "key": {
          "type": 0,
          "file": 2,
          "line": 74,
          "col": 3,
          "lit": "submodules"
        },
        "value": {
          "type": 0,
          "file": 2,
          "line": 82,
          "col": 14,
          "lit": "false"
        }
      },
      {
        "key": {
          "type": 0,
          "file": 2,
          "line": 83,
          "col": 3,
          "lit": "set-safe-directory"
        },
        "value": {
          "type": 0,
          "file": 2,
          "line": 85,
          "col": 14,
          "lit": "true"
        }
      },
      {
        "key": {
          "type": 0,
          "file": 2,
          "line": 86,
          "col": 3,
          "lit": "github-server-url"
        },
        "value": ""
      }
    ]
  },
  "execution": {
    "executionType": "nodeJS",
    "hasPre": false,
    "hasPost": true,
    "script": "dist/index.js",
    "pre": null,
    "post": "dist/index.js",
    "nodeVersion": "node16",
    "cleanupCondition": "always()",
    "initCondition": "always()"
  },
  "deprecated": null
}
[2025-05-17 22:30:47Z INFO ActionManager] Action node.js file: dist/index.js, no more preparation.
[2025-05-17 22:30:47Z INFO HostContext] Well known directory 'Bin': '/home/mustafa/sunum/actions-runner/bin'
[2025-05-17 22:30:47Z INFO HostContext] Well known directory 'Root': '/home/mustafa/sunum/actions-runner'
[2025-05-17 22:30:47Z INFO HostContext] Well known directory 'Work': '/home/mustafa/sunum/actions-runner/_work'
[2025-05-17 22:30:47Z INFO HostContext] Well known directory 'Actions': '/home/mustafa/sunum/actions-runner/_work/_actions'
[2025-05-17 22:30:47Z INFO ActionManager] Load action that reference repository from '/home/mustafa/sunum/actions-runner/_work/_actions/actions/checkout/v3'
[2025-05-17 22:30:47Z INFO HostContext] Well known directory 'Bin': '/home/mustafa/sunum/actions-runner/bin'
[2025-05-17 22:30:47Z INFO HostContext] Well known directory 'Root': '/home/mustafa/sunum/actions-runner'
[2025-05-17 22:30:47Z INFO HostContext] Well known directory 'Work': '/home/mustafa/sunum/actions-runner/_work'
[2025-05-17 22:30:47Z INFO HostContext] Well known directory 'Actions': '/home/mustafa/sunum/actions-runner/_work/_actions'
[2025-05-17 22:30:47Z INFO ActionManifestManager] Loaded action.yml file: {
  "name": "Checkout",
  "description": "Checkout a Git repository at a particular version",
  "inputs": {
    "type": 2,
    "map": [
      {
        "key": {
          "type": 0,
          "file": 2,
          "line": 4,
          "col": 3,
          "lit": "repository"
        },
        "value": {
          "type": 3,
          "file": 2,
          "line": 6,
          "col": 14,
          "expr": "github.repository"
        }
      },
      {
        "key": {
          "type": 0,
          "file": 2,
          "line": 7,
          "col": 3,
          "lit": "ref"
        },
        "value": ""
      },
      {
        "key": {
          "type": 0,
          "file": 2,
          "line": 12,
          "col": 3,
          "lit": "token"
        },
        "value": {
          "type": 3,
          "file": 2,
          "line": 24,
          "col": 14,
          "expr": "github.token"
        }
      },
      {
        "key": {
          "type": 0,
          "file": 2,
          "line": 25,
          "col": 3,
          "lit": "ssh-key"
        },
        "value": ""
      },
      {
        "key": {
          "type": 0,
          "file": 2,
          "line": 37,
          "col": 3,
          "lit": "ssh-known-hosts"
        },
        "value": ""
      },
      {
        "key": {
          "type": 0,
          "file": 2,
          "line": 42,
          "col": 3,
          "lit": "ssh-strict"
        },
        "value": {
          "type": 0,
          "file": 2,
          "line": 47,
          "col": 14,
          "lit": "true"
        }
      },
      {
        "key": {
          "type": 0,
          "file": 2,
          "line": 48,
          "col": 3,
          "lit": "persist-credentials"
        },
        "value": {
          "type": 0,
          "file": 2,
          "line": 50,
          "col": 14,
          "lit": "true"
        }
      },
      {
        "key": {
          "type": 0,
          "file": 2,
          "line": 51,
          "col": 3,
          "lit": "path"
        },
        "value": ""
      },
      {
        "key": {
          "type": 0,
          "file": 2,
          "line": 53,
          "col": 3,
          "lit": "clean"
        },
        "value": {
          "type": 0,
          "file": 2,
          "line": 55,
          "col": 14,
          "lit": "true"
        }
      },
      {
        "key": {
          "type": 0,
          "file": 2,
          "line": 56,
          "col": 3,
          "lit": "sparse-checkout"
        },
        "value": {
          "type": 0,
          "file": 2,
          "line": 60,
          "col": 14,
          "lit": ""
        }
      },
      {
        "key": {
          "type": 0,
          "file": 2,
          "line": 61,
          "col": 3,
          "lit": "sparse-checkout-cone-mode"
        },
        "value": {
          "type": 0,
          "file": 2,
          "line": 64,
          "col": 14,
          "lit": "true"
        }
      },
      {
        "key": {
          "type": 0,
          "file": 2,
          "line": 65,
          "col": 3,
          "lit": "fetch-depth"
        },
        "value": {
          "type": 0,
          "file": 2,
          "line": 67,
          "col": 14,
          "lit": "1"
        }
      },
      {
        "key": {
          "type": 0,
          "file": 2,
          "line": 68,
          "col": 3,
          "lit": "fetch-tags"
        },
        "value": {
          "type": 0,
          "file": 2,
          "line": 70,
          "col": 14,
          "lit": "false"
        }
      },
      {
        "key": {
          "type": 0,
          "file": 2,
          "line": 71,
          "col": 3,
          "lit": "lfs"
        },
        "value": {
          "type": 0,
          "file": 2,
          "line": 73,
          "col": 14,
          "lit": "false"
        }
      },
      {
        "key": {
          "type": 0,
          "file": 2,
          "line": 74,
          "col": 3,
          "lit": "submodules"
        },
        "value": {
          "type": 0,
          "file": 2,
          "line": 82,
          "col": 14,
          "lit": "false"
        }
      },
      {
        "key": {
          "type": 0,
          "file": 2,
          "line": 83,
          "col": 3,
          "lit": "set-safe-directory"
        },
        "value": {
          "type": 0,
          "file": 2,
          "line": 85,
          "col": 14,
          "lit": "true"
        }
      },
      {
        "key": {
          "type": 0,
          "file": 2,
          "line": 86,
          "col": 3,
          "lit": "github-server-url"
        },
        "value": ""
      }
    ]
  },
  "execution": {
    "executionType": "nodeJS",
    "hasPre": false,
    "hasPost": true,
    "script": "dist/index.js",
    "pre": null,
    "post": "dist/index.js",
    "nodeVersion": "node16",
    "cleanupCondition": "always()",
    "initCondition": "always()"
  },
  "deprecated": null
}
[2025-05-17 22:30:47Z INFO ActionManager] Action pre node.js file: N/A.
[2025-05-17 22:30:47Z INFO ActionManager] Action node.js file: dist/index.js.
[2025-05-17 22:30:47Z INFO ActionManager] Action post node.js file: dist/index.js.
[2025-05-17 22:30:47Z INFO JobExtension] Adding .
[2025-05-17 22:30:47Z INFO JobExtension] Adding .
[2025-05-17 22:30:47Z INFO JobExtension] Adding .
[2025-05-17 22:30:47Z INFO JobExtension] Adding .
[2025-05-17 22:30:47Z INFO JobExtension] Adding .
[2025-05-17 22:30:47Z INFO HostContext] Well known directory 'Bin': '/home/mustafa/sunum/actions-runner/bin'
[2025-05-17 22:30:47Z INFO HostContext] Well known directory 'Root': '/home/mustafa/sunum/actions-runner'
[2025-05-17 22:30:47Z INFO HostContext] Well known directory 'Diag': '/home/mustafa/sunum/actions-runner/_diag'
[2025-05-17 22:30:47Z INFO HostContext] Well known directory 'Bin': '/home/mustafa/sunum/actions-runner/bin'
[2025-05-17 22:30:47Z INFO HostContext] Well known directory 'Root': '/home/mustafa/sunum/actions-runner'
[2025-05-17 22:30:47Z INFO HostContext] Well known directory 'Diag': '/home/mustafa/sunum/actions-runner/_diag'
[2025-05-17 22:30:47Z INFO HostContext] Well known directory 'Bin': '/home/mustafa/sunum/actions-runner/bin'
[2025-05-17 22:30:47Z INFO HostContext] Well known directory 'Root': '/home/mustafa/sunum/actions-runner'
[2025-05-17 22:30:47Z INFO HostContext] Well known directory 'Diag': '/home/mustafa/sunum/actions-runner/_diag'
[2025-05-17 22:30:47Z INFO HostContext] Well known directory 'Bin': '/home/mustafa/sunum/actions-runner/bin'
[2025-05-17 22:30:47Z INFO HostContext] Well known directory 'Root': '/home/mustafa/sunum/actions-runner'
[2025-05-17 22:30:47Z INFO HostContext] Well known directory 'Diag': '/home/mustafa/sunum/actions-runner/_diag'
[2025-05-17 22:30:47Z INFO HostContext] Well known directory 'Bin': '/home/mustafa/sunum/actions-runner/bin'
[2025-05-17 22:30:47Z INFO HostContext] Well known directory 'Root': '/home/mustafa/sunum/actions-runner'
[2025-05-17 22:30:47Z INFO HostContext] Well known directory 'Diag': '/home/mustafa/sunum/actions-runner/_diag'
[2025-05-17 22:30:47Z INFO HostContext] Well known directory 'Bin': '/home/mustafa/sunum/actions-runner/bin'
[2025-05-17 22:30:47Z INFO HostContext] Well known directory 'Root': '/home/mustafa/sunum/actions-runner'
[2025-05-17 22:30:47Z INFO HostContext] Well known directory 'Diag': '/home/mustafa/sunum/actions-runner/_diag'
[2025-05-17 22:30:47Z INFO HostContext] Well known directory 'Bin': '/home/mustafa/sunum/actions-runner/bin'
[2025-05-17 22:30:47Z INFO HostContext] Well known directory 'Root': '/home/mustafa/sunum/actions-runner'
[2025-05-17 22:30:47Z INFO HostContext] Well known directory 'Diag': '/home/mustafa/sunum/actions-runner/_diag'
[2025-05-17 22:30:47Z INFO HostContext] Well known directory 'Bin': '/home/mustafa/sunum/actions-runner/bin'
[2025-05-17 22:30:47Z INFO HostContext] Well known directory 'Root': '/home/mustafa/sunum/actions-runner'
[2025-05-17 22:30:47Z INFO HostContext] Well known directory 'Diag': '/home/mustafa/sunum/actions-runner/_diag'
[2025-05-17 22:30:47Z INFO HostContext] Well known directory 'Bin': '/home/mustafa/sunum/actions-runner/bin'
[2025-05-17 22:30:47Z INFO HostContext] Well known directory 'Root': '/home/mustafa/sunum/actions-runner'
[2025-05-17 22:30:47Z INFO HostContext] Well known directory 'Diag': '/home/mustafa/sunum/actions-runner/_diag'
[2025-05-17 22:30:47Z INFO HostContext] Well known directory 'Bin': '/home/mustafa/sunum/actions-runner/bin'
[2025-05-17 22:30:47Z INFO HostContext] Well known directory 'Root': '/home/mustafa/sunum/actions-runner'
[2025-05-17 22:30:47Z INFO HostContext] Well known directory 'Diag': '/home/mustafa/sunum/actions-runner/_diag'
[2025-05-17 22:30:47Z INFO JobExtension] Total accessible running process: 314.
[2025-05-17 22:30:47Z INFO HostContext] Well known directory 'Bin': '/home/mustafa/sunum/actions-runner/bin'
[2025-05-17 22:30:47Z INFO HostContext] Well known directory 'Root': '/home/mustafa/sunum/actions-runner'
[2025-05-17 22:30:47Z INFO HostContext] Well known directory 'Work': '/home/mustafa/sunum/actions-runner/_work'
[2025-05-17 22:30:47Z INFO JobExtension] Start checking service connectivity in background.
[2025-05-17 22:30:47Z INFO ExecutionContext] Publish step telemetry for current step {
  "action": "setup_job",
  "type": "runner",
  "stage": "Pre",
  "stepId": "ae77e187-31e0-41ec-860b-5d2389d335ea",
  "result": "succeeded",
  "errorMessages": [],
  "executionTimeInSeconds": 3,
  "startTime": "2025-05-17T22:30:45.0681711Z",
  "finishTime": "2025-05-17T22:30:47.7240524Z"
}.
[2025-05-17 22:30:47Z INFO JobRunner] Total job steps: 5.
[2025-05-17 22:30:47Z INFO JobRunner] Run all job steps.
[2025-05-17 22:30:47Z INFO StepsRunner] Processing step: DisplayName='Kodları klonla'
[2025-05-17 22:30:47Z INFO StepsRunner] Evaluating: success()
[2025-05-17 22:30:47Z INFO StepsRunner] Result: true
[2025-05-17 22:30:47Z INFO StepsRunner] Starting the step.
[2025-05-17 22:30:47Z INFO HostContext] Well known directory 'Bin': '/home/mustafa/sunum/actions-runner/bin'
[2025-05-17 22:30:47Z INFO HostContext] Well known directory 'Root': '/home/mustafa/sunum/actions-runner'
[2025-05-17 22:30:47Z INFO HostContext] Well known directory 'Work': '/home/mustafa/sunum/actions-runner/_work'
[2025-05-17 22:30:47Z INFO HostContext] Well known directory 'Actions': '/home/mustafa/sunum/actions-runner/_work/_actions'
[2025-05-17 22:30:47Z INFO ActionManager] Load action that reference repository from '/home/mustafa/sunum/actions-runner/_work/_actions/actions/checkout/v3'
[2025-05-17 22:30:47Z INFO HostContext] Well known directory 'Bin': '/home/mustafa/sunum/actions-runner/bin'
[2025-05-17 22:30:47Z INFO HostContext] Well known directory 'Root': '/home/mustafa/sunum/actions-runner'
[2025-05-17 22:30:47Z INFO HostContext] Well known directory 'Work': '/home/mustafa/sunum/actions-runner/_work'
[2025-05-17 22:30:47Z INFO HostContext] Well known directory 'Actions': '/home/mustafa/sunum/actions-runner/_work/_actions'
[2025-05-17 22:30:47Z INFO ActionManifestManager] Loaded action.yml file: {
  "name": "Checkout",
  "description": "Checkout a Git repository at a particular version",
  "inputs": {
    "type": 2,
    "map": [
      {
        "key": {
          "type": 0,
          "file": 2,
          "line": 4,
          "col": 3,
          "lit": "repository"
        },
        "value": {
          "type": 3,
          "file": 2,
          "line": 6,
          "col": 14,
          "expr": "github.repository"
        }
      },
      {
        "key": {
          "type": 0,
          "file": 2,
          "line": 7,
          "col": 3,
          "lit": "ref"
        },
        "value": ""
      },
      {
        "key": {
          "type": 0,
          "file": 2,
          "line": 12,
          "col": 3,
          "lit": "token"
        },
        "value": {
          "type": 3,
          "file": 2,
          "line": 24,
          "col": 14,
          "expr": "github.token"
        }
      },
      {
        "key": {
          "type": 0,
          "file": 2,
          "line": 25,
          "col": 3,
          "lit": "ssh-key"
        },
        "value": ""
      },
      {
        "key": {
          "type": 0,
          "file": 2,
          "line": 37,
          "col": 3,
          "lit": "ssh-known-hosts"
        },
        "value": ""
      },
      {
        "key": {
          "type": 0,
          "file": 2,
          "line": 42,
          "col": 3,
          "lit": "ssh-strict"
        },
        "value": {
          "type": 0,
          "file": 2,
          "line": 47,
          "col": 14,
          "lit": "true"
        }
      },
      {
        "key": {
          "type": 0,
          "file": 2,
          "line": 48,
          "col": 3,
          "lit": "persist-credentials"
        },
        "value": {
          "type": 0,
          "file": 2,
          "line": 50,
          "col": 14,
          "lit": "true"
        }
      },
      {
        "key": {
          "type": 0,
          "file": 2,
          "line": 51,
          "col": 3,
          "lit": "path"
        },
        "value": ""
      },
      {
        "key": {
          "type": 0,
          "file": 2,
          "line": 53,
          "col": 3,
          "lit": "clean"
        },
        "value": {
          "type": 0,
          "file": 2,
          "line": 55,
          "col": 14,
          "lit": "true"
        }
      },
      {
        "key": {
          "type": 0,
          "file": 2,
          "line": 56,
          "col": 3,
          "lit": "sparse-checkout"
        },
        "value": {
          "type": 0,
          "file": 2,
          "line": 60,
          "col": 14,
          "lit": ""
        }
      },
      {
        "key": {
          "type": 0,
          "file": 2,
          "line": 61,
          "col": 3,
          "lit": "sparse-checkout-cone-mode"
        },
        "value": {
          "type": 0,
          "file": 2,
          "line": 64,
          "col": 14,
          "lit": "true"
        }
      },
      {
        "key": {
          "type": 0,
          "file": 2,
          "line": 65,
          "col": 3,
          "lit": "fetch-depth"
        },
        "value": {
          "type": 0,
          "file": 2,
          "line": 67,
          "col": 14,
          "lit": "1"
        }
      },
      {
        "key": {
          "type": 0,
          "file": 2,
          "line": 68,
          "col": 3,
          "lit": "fetch-tags"
        },
        "value": {
          "type": 0,
          "file": 2,
          "line": 70,
          "col": 14,
          "lit": "false"
        }
      },
      {
        "key": {
          "type": 0,
          "file": 2,
          "line": 71,
          "col": 3,
          "lit": "lfs"
        },
        "value": {
          "type": 0,
          "file": 2,
          "line": 73,
          "col": 14,
          "lit": "false"
        }
      },
      {
        "key": {
          "type": 0,
          "file": 2,
          "line": 74,
          "col": 3,
          "lit": "submodules"
        },
        "value": {
          "type": 0,
          "file": 2,
          "line": 82,
          "col": 14,
          "lit": "false"
        }
      },
      {
        "key": {
          "type": 0,
          "file": 2,
          "line": 83,
          "col": 3,
          "lit": "set-safe-directory"
        },
        "value": {
          "type": 0,
          "file": 2,
          "line": 85,
          "col": 14,
          "lit": "true"
        }
      },
      {
        "key": {
          "type": 0,
          "file": 2,
          "line": 86,
          "col": 3,
          "lit": "github-server-url"
        },
        "value": ""
      }
    ]
  },
  "execution": {
    "executionType": "nodeJS",
    "hasPre": false,
    "hasPost": true,
    "script": "dist/index.js",
    "pre": null,
    "post": "dist/index.js",
    "nodeVersion": "node16",
    "cleanupCondition": "always()",
    "initCondition": "always()"
  },
  "deprecated": null
}
[2025-05-17 22:30:47Z INFO ActionManager] Action pre node.js file: N/A.
[2025-05-17 22:30:47Z INFO ActionManager] Action node.js file: dist/index.js.
[2025-05-17 22:30:47Z INFO ActionManager] Action post node.js file: dist/index.js.
[2025-05-17 22:30:47Z INFO ExecutionContext] Reserve record order 7 to 12 for post job actions.
[2025-05-17 22:30:47Z INFO HostContext] Well known directory 'Bin': '/home/mustafa/sunum/actions-runner/bin'
[2025-05-17 22:30:47Z INFO HostContext] Well known directory 'Root': '/home/mustafa/sunum/actions-runner'
[2025-05-17 22:30:47Z INFO HostContext] Well known directory 'Diag': '/home/mustafa/sunum/actions-runner/_diag'
[2025-05-17 22:30:47Z INFO HostContext] Well known directory 'Bin': '/home/mustafa/sunum/actions-runner/bin'
[2025-05-17 22:30:47Z INFO HostContext] Well known directory 'Root': '/home/mustafa/sunum/actions-runner'
[2025-05-17 22:30:47Z INFO HostContext] Well known directory 'Diag': '/home/mustafa/sunum/actions-runner/_diag'
[2025-05-17 22:30:47Z INFO HostContext] Well known directory 'Bin': '/home/mustafa/sunum/actions-runner/bin'
[2025-05-17 22:30:47Z INFO HostContext] Well known directory 'Root': '/home/mustafa/sunum/actions-runner'
[2025-05-17 22:30:47Z INFO HostContext] Well known directory 'Work': '/home/mustafa/sunum/actions-runner/_work'
[2025-05-17 22:30:47Z INFO HostContext] Well known directory 'Temp': '/home/mustafa/sunum/actions-runner/_work/_temp'
[2025-05-17 22:30:47Z INFO ExecutionContext] Write event payload to /home/mustafa/sunum/actions-runner/_work/_temp/_github_workflow/event.json
[2025-05-17 22:30:47Z INFO HostContext] Well known directory 'Bin': '/home/mustafa/sunum/actions-runner/bin'
[2025-05-17 22:30:47Z INFO HostContext] Well known directory 'Root': '/home/mustafa/sunum/actions-runner'
[2025-05-17 22:30:47Z INFO HostContext] Well known directory 'Work': '/home/mustafa/sunum/actions-runner/_work'
[2025-05-17 22:30:47Z INFO HostContext] Well known directory 'Temp': '/home/mustafa/sunum/actions-runner/_work/_temp'
[2025-05-17 22:30:47Z INFO ExtensionManager] Getting extensions for interface: 'GitHub.Runner.Worker.IFileCommandExtension'
[2025-05-17 22:30:47Z INFO ExtensionManager] Creating instance: GitHub.Runner.Worker.AddPathFileCommand, Runner.Worker
[2025-05-17 22:30:47Z INFO ExtensionManager] Creating instance: GitHub.Runner.Worker.SetEnvFileCommand, Runner.Worker
[2025-05-17 22:30:47Z INFO ExtensionManager] Creating instance: GitHub.Runner.Worker.CreateStepSummaryCommand, Runner.Worker
[2025-05-17 22:30:47Z INFO ExtensionManager] Creating instance: GitHub.Runner.Worker.SaveStateFileCommand, Runner.Worker
[2025-05-17 22:30:47Z INFO ExtensionManager] Creating instance: GitHub.Runner.Worker.SetOutputFileCommand, Runner.Worker
[2025-05-17 22:30:47Z INFO ActionManifestManager] Input 'repository': default value evaluate result: {
  "type": 0,
  "file": 2,
  "line": 6,
  "col": 14,
  "lit": "mustafa010223/sunum"
}
[2025-05-17 22:30:47Z INFO ActionManifestManager] Input 'ref': default value evaluate result: ""
[2025-05-17 22:30:47Z INFO ActionManifestManager] Input 'token': default value evaluate result: {
  "type": 0,
  "file": 2,
  "line": 24,
  "col": 14,
  "lit": "***"
}
[2025-05-17 22:30:47Z INFO ActionManifestManager] Input 'ssh-key': default value evaluate result: ""
[2025-05-17 22:30:47Z INFO ActionManifestManager] Input 'ssh-known-hosts': default value evaluate result: ""
[2025-05-17 22:30:47Z INFO ActionManifestManager] Input 'ssh-strict': default value evaluate result: {
  "type": 0,
  "file": 2,
  "line": 47,
  "col": 14,
  "lit": "true"
}
[2025-05-17 22:30:47Z INFO ActionManifestManager] Input 'persist-credentials': default value evaluate result: {
  "type": 0,
  "file": 2,
  "line": 50,
  "col": 14,
  "lit": "true"
}
[2025-05-17 22:30:47Z INFO ActionManifestManager] Input 'path': default value evaluate result: ""
[2025-05-17 22:30:47Z INFO ActionManifestManager] Input 'clean': default value evaluate result: {
  "type": 0,
  "file": 2,
  "line": 55,
  "col": 14,
  "lit": "true"
}
[2025-05-17 22:30:47Z INFO ActionManifestManager] Input 'sparse-checkout': default value evaluate result: {
  "type": 0,
  "file": 2,
  "line": 60,
  "col": 14,
  "lit": ""
}
[2025-05-17 22:30:47Z INFO ActionManifestManager] Input 'sparse-checkout-cone-mode': default value evaluate result: {
  "type": 0,
  "file": 2,
  "line": 64,
  "col": 14,
  "lit": "true"
}
[2025-05-17 22:30:47Z INFO ActionManifestManager] Input 'fetch-depth': default value evaluate result: {
  "type": 0,
  "file": 2,
  "line": 67,
  "col": 14,
  "lit": "1"
}
[2025-05-17 22:30:47Z INFO ActionManifestManager] Input 'fetch-tags': default value evaluate result: {
  "type": 0,
  "file": 2,
  "line": 70,
  "col": 14,
  "lit": "false"
}
[2025-05-17 22:30:47Z INFO ActionManifestManager] Input 'lfs': default value evaluate result: {
  "type": 0,
  "file": 2,
  "line": 73,
  "col": 14,
  "lit": "false"
}
[2025-05-17 22:30:47Z INFO ActionManifestManager] Input 'submodules': default value evaluate result: {
  "type": 0,
  "file": 2,
  "line": 82,
  "col": 14,
  "lit": "false"
}
[2025-05-17 22:30:47Z INFO ActionManifestManager] Input 'set-safe-directory': default value evaluate result: {
  "type": 0,
  "file": 2,
  "line": 85,
  "col": 14,
  "lit": "true"
}
[2025-05-17 22:30:47Z INFO ActionManifestManager] Input 'github-server-url': default value evaluate result: ""
[2025-05-17 22:30:47Z INFO ExtensionManager] Getting extensions for interface: 'GitHub.Runner.Worker.IActionCommandExtension'
[2025-05-17 22:30:47Z INFO ExtensionManager] Creating instance: GitHub.Runner.Worker.InternalPluginSetRepoPathCommandExtension, Runner.Worker
[2025-05-17 22:30:47Z INFO ExtensionManager] Creating instance: GitHub.Runner.Worker.SetEnvCommandExtension, Runner.Worker
[2025-05-17 22:30:47Z INFO ExtensionManager] Creating instance: GitHub.Runner.Worker.SetOutputCommandExtension, Runner.Worker
[2025-05-17 22:30:47Z INFO ExtensionManager] Creating instance: GitHub.Runner.Worker.SaveStateCommandExtension, Runner.Worker
[2025-05-17 22:30:47Z INFO ExtensionManager] Creating instance: GitHub.Runner.Worker.AddPathCommandExtension, Runner.Worker
[2025-05-17 22:30:47Z INFO ExtensionManager] Creating instance: GitHub.Runner.Worker.AddMaskCommandExtension, Runner.Worker
[2025-05-17 22:30:47Z INFO ExtensionManager] Creating instance: GitHub.Runner.Worker.AddMatcherCommandExtension, Runner.Worker
[2025-05-17 22:30:47Z INFO ExtensionManager] Creating instance: GitHub.Runner.Worker.RemoveMatcherCommandExtension, Runner.Worker
[2025-05-17 22:30:47Z INFO ExtensionManager] Creating instance: GitHub.Runner.Worker.WarningCommandExtension, Runner.Worker
[2025-05-17 22:30:47Z INFO ExtensionManager] Creating instance: GitHub.Runner.Worker.ErrorCommandExtension, Runner.Worker
[2025-05-17 22:30:47Z INFO ExtensionManager] Creating instance: GitHub.Runner.Worker.NoticeCommandExtension, Runner.Worker
[2025-05-17 22:30:47Z INFO ExtensionManager] Creating instance: GitHub.Runner.Worker.DebugCommandExtension, Runner.Worker
[2025-05-17 22:30:47Z INFO ExtensionManager] Creating instance: GitHub.Runner.Worker.GroupCommandExtension, Runner.Worker
[2025-05-17 22:30:47Z INFO ExtensionManager] Creating instance: GitHub.Runner.Worker.EndGroupCommandExtension, Runner.Worker
[2025-05-17 22:30:47Z INFO ExtensionManager] Creating instance: GitHub.Runner.Worker.EchoCommandExtension, Runner.Worker
[2025-05-17 22:30:47Z INFO ActionCommandManager] Register action command extension for command internal-set-repo-path
[2025-05-17 22:30:47Z INFO ActionCommandManager] Register action command extension for command set-env
[2025-05-17 22:30:47Z INFO ActionCommandManager] Register action command extension for command set-output
[2025-05-17 22:30:47Z INFO ActionCommandManager] Register action command extension for command save-state
[2025-05-17 22:30:47Z INFO ActionCommandManager] Register action command extension for command add-path
[2025-05-17 22:30:47Z INFO ActionCommandManager] Register action command extension for command add-mask
[2025-05-17 22:30:47Z INFO ActionCommandManager] Register action command extension for command add-matcher
[2025-05-17 22:30:47Z INFO ActionCommandManager] Register action command extension for command remove-matcher
[2025-05-17 22:30:47Z INFO ActionCommandManager] Register action command extension for command warning
[2025-05-17 22:30:47Z INFO ActionCommandManager] Register action command extension for command error
[2025-05-17 22:30:47Z INFO ActionCommandManager] Register action command extension for command notice
[2025-05-17 22:30:47Z INFO ActionCommandManager] Register action command extension for command debug
[2025-05-17 22:30:47Z INFO ActionCommandManager] Register action command extension for command group
[2025-05-17 22:30:47Z INFO ActionCommandManager] Register action command extension for command endgroup
[2025-05-17 22:30:47Z INFO ActionCommandManager] Register action command extension for command echo
[2025-05-17 22:30:47Z INFO HostContext] Well known directory 'Bin': '/home/mustafa/sunum/actions-runner/bin'
[2025-05-17 22:30:47Z INFO HostContext] Well known directory 'Root': '/home/mustafa/sunum/actions-runner'
[2025-05-17 22:30:47Z INFO HostContext] Well known directory 'Externals': '/home/mustafa/sunum/actions-runner/externals'
[2025-05-17 22:30:47Z INFO ProcessInvokerWrapper] Starting process:
[2025-05-17 22:30:47Z INFO ProcessInvokerWrapper]   File name: '/home/mustafa/sunum/actions-runner/externals/node20/bin/node'
[2025-05-17 22:30:47Z INFO ProcessInvokerWrapper]   Arguments: '"/home/mustafa/sunum/actions-runner/_work/_actions/actions/checkout/v3/dist/index.js"'
[2025-05-17 22:30:47Z INFO ProcessInvokerWrapper]   Working directory: '/home/mustafa/sunum/actions-runner/_work/sunum/sunum'
[2025-05-17 22:30:47Z INFO ProcessInvokerWrapper]   Require exit code zero: 'False'
[2025-05-17 22:30:47Z INFO ProcessInvokerWrapper]   Encoding web name:  ; code page: ''
[2025-05-17 22:30:47Z INFO ProcessInvokerWrapper]   Force kill process on cancellation: 'False'
[2025-05-17 22:30:47Z INFO ProcessInvokerWrapper]   Redirected STDIN: 'False'
[2025-05-17 22:30:47Z INFO ProcessInvokerWrapper]   Persist current code page: 'False'
[2025-05-17 22:30:47Z INFO ProcessInvokerWrapper]   Keep redirected STDIN open: 'False'
[2025-05-17 22:30:47Z INFO ProcessInvokerWrapper]   High priority process: 'False'
[2025-05-17 22:30:47Z INFO ProcessInvokerWrapper] Updated oom_score_adj to 500 for PID: 207406.
[2025-05-17 22:30:47Z INFO ProcessInvokerWrapper] Process started with process id 207406, waiting for process exit.
[2025-05-17 22:30:47Z INFO JobServerQueue] Try to append 1 batches web console lines for record 'ae77e187-31e0-41ec-860b-5d2389d335ea', success rate: 1/1.
[2025-05-17 22:30:47Z INFO JobServerQueue] Try to append 1 batches web console lines for record 'c2d7ed4d-466f-4b74-a76e-e0651d09c437', success rate: 1/1.
[2025-05-17 22:30:47Z INFO AddMaskCommandExtension] Add new secret mask with length of 76
[2025-05-17 22:30:48Z INFO JobServerQueue] Try to upload 1 log files or attachments, success rate: 1/1.
[2025-05-17 22:30:48Z INFO JobServerQueue] Got a step log file to send to results service.
[2025-05-17 22:30:48Z INFO JobServerQueue] Starting upload of step log file to results service ResultsLog, /home/mustafa/sunum/actions-runner/_diag/blocks/2d18cf1a-23df-4c6c-aede-b9f222e64ac2_ae77e187-31e0-41ec-860b-5d2389d335ea.1
[2025-05-17 22:30:48Z INFO JobServerQueue] Try to append 1 batches web console lines for record 'c2d7ed4d-466f-4b74-a76e-e0651d09c437', success rate: 1/1.
[2025-05-17 22:30:48Z INFO JobServerQueue] Try to append 1 batches web console lines for record 'c2d7ed4d-466f-4b74-a76e-e0651d09c437', success rate: 1/1.
[2025-05-17 22:30:48Z INFO JobServerQueue] Try to append 1 batches web console lines for record 'c2d7ed4d-466f-4b74-a76e-e0651d09c437', success rate: 1/1.
[2025-05-17 22:30:49Z INFO JobServerQueue] Tried to upload 1 file(s) to results, success rate: 1/1.
[2025-05-17 22:30:49Z INFO JobServerQueue] Try to append 3 batches web console lines for record 'c2d7ed4d-466f-4b74-a76e-e0651d09c437', success rate: 3/3.
[2025-05-17 22:30:50Z INFO JobServerQueue] Try to append 1 batches web console lines for record 'c2d7ed4d-466f-4b74-a76e-e0651d09c437', success rate: 1/1.
[2025-05-17 22:30:50Z INFO JobServerQueue] Try to append 1 batches web console lines for record 'c2d7ed4d-466f-4b74-a76e-e0651d09c437', success rate: 1/1.
[2025-05-17 22:30:50Z INFO JobServerQueue] Try to append 1 batches web console lines for record 'c2d7ed4d-466f-4b74-a76e-e0651d09c437', success rate: 1/1.
[2025-05-17 22:30:50Z INFO JobServerQueue] Try to append 1 batches web console lines for record 'c2d7ed4d-466f-4b74-a76e-e0651d09c437', success rate: 1/1.
[2025-05-17 22:30:51Z INFO JobServerQueue] Try to append 1 batches web console lines for record 'c2d7ed4d-466f-4b74-a76e-e0651d09c437', success rate: 1/1.
[2025-05-17 22:30:51Z INFO JobServerQueue] Try to append 1 batches web console lines for record 'c2d7ed4d-466f-4b74-a76e-e0651d09c437', success rate: 1/1.
[2025-05-17 22:30:51Z INFO JobServerQueue] Try to append 1 batches web console lines for record 'c2d7ed4d-466f-4b74-a76e-e0651d09c437', success rate: 1/1.
[2025-05-17 22:30:51Z INFO JobServerQueue] Try to append 1 batches web console lines for record 'c2d7ed4d-466f-4b74-a76e-e0651d09c437', success rate: 1/1.
[2025-05-17 22:30:52Z INFO JobServerQueue] Try to append 1 batches web console lines for record 'c2d7ed4d-466f-4b74-a76e-e0651d09c437', success rate: 1/1.
[2025-05-17 22:30:52Z INFO JobServerQueue] Try to append 1 batches web console lines for record 'c2d7ed4d-466f-4b74-a76e-e0651d09c437', success rate: 1/1.
[2025-05-17 22:30:52Z INFO JobServerQueue] Try to append 1 batches web console lines for record 'c2d7ed4d-466f-4b74-a76e-e0651d09c437', success rate: 1/1.
[2025-05-17 22:30:53Z INFO JobServerQueue] Try to append 1 batches web console lines for record 'c2d7ed4d-466f-4b74-a76e-e0651d09c437', success rate: 1/1.
[2025-05-17 22:30:53Z INFO JobServerQueue] Try to append 1 batches web console lines for record 'c2d7ed4d-466f-4b74-a76e-e0651d09c437', success rate: 1/1.
[2025-05-17 22:30:54Z INFO JobServerQueue] Try to append 1 batches web console lines for record 'c2d7ed4d-466f-4b74-a76e-e0651d09c437', success rate: 1/1.
[2025-05-17 22:30:54Z INFO JobServerQueue] Try to append 1 batches web console lines for record 'c2d7ed4d-466f-4b74-a76e-e0651d09c437', success rate: 1/1.
[2025-05-17 22:30:54Z INFO JobServerQueue] Try to append 1 batches web console lines for record 'c2d7ed4d-466f-4b74-a76e-e0651d09c437', success rate: 1/1.
[2025-05-17 22:30:54Z INFO JobServerQueue] Try to append 1 batches web console lines for record 'c2d7ed4d-466f-4b74-a76e-e0651d09c437', success rate: 1/1.
[2025-05-17 22:30:55Z INFO JobServerQueue] Try to append 1 batches web console lines for record 'c2d7ed4d-466f-4b74-a76e-e0651d09c437', success rate: 1/1.
[2025-05-17 22:30:56Z INFO JobServerQueue] Try to append 1 batches web console lines for record 'c2d7ed4d-466f-4b74-a76e-e0651d09c437', success rate: 1/1.
[2025-05-17 22:30:57Z INFO JobServerQueue] Try to append 1 batches web console lines for record 'c2d7ed4d-466f-4b74-a76e-e0651d09c437', success rate: 1/1.
[2025-05-17 22:30:57Z INFO JobServerQueue] Try to append 1 batches web console lines for record 'c2d7ed4d-466f-4b74-a76e-e0651d09c437', success rate: 1/1.
[2025-05-17 22:30:57Z INFO HostContext] Well known directory 'Bin': '/home/mustafa/sunum/actions-runner/bin'
[2025-05-17 22:30:57Z INFO HostContext] Well known directory 'Root': '/home/mustafa/sunum/actions-runner'
[2025-05-17 22:30:57Z INFO HostContext] Well known directory 'Work': '/home/mustafa/sunum/actions-runner/_work'
[2025-05-17 22:30:57Z INFO JobServerQueue] Try to append 1 batches web console lines for record 'c2d7ed4d-466f-4b74-a76e-e0651d09c437', success rate: 1/1.
[2025-05-17 22:30:58Z INFO JobServerQueue] Try to append 1 batches web console lines for record 'c2d7ed4d-466f-4b74-a76e-e0651d09c437', success rate: 1/1.
[2025-05-17 22:30:58Z INFO JobServerQueue] Try to append 1 batches web console lines for record 'c2d7ed4d-466f-4b74-a76e-e0651d09c437', success rate: 1/1.
[2025-05-17 22:30:58Z INFO JobServerQueue] Try to append 1 batches web console lines for record 'c2d7ed4d-466f-4b74-a76e-e0651d09c437', success rate: 1/1.
[2025-05-17 22:30:58Z INFO JobServerQueue] Try to append 1 batches web console lines for record 'c2d7ed4d-466f-4b74-a76e-e0651d09c437', success rate: 1/1.
[2025-05-17 22:30:59Z INFO JobServerQueue] Try to append 1 batches web console lines for record 'c2d7ed4d-466f-4b74-a76e-e0651d09c437', success rate: 1/1.
[2025-05-17 22:30:59Z INFO JobServerQueue] Try to append 1 batches web console lines for record 'c2d7ed4d-466f-4b74-a76e-e0651d09c437', success rate: 1/1.
[2025-05-17 22:30:59Z INFO JobServerQueue] Try to append 1 batches web console lines for record 'c2d7ed4d-466f-4b74-a76e-e0651d09c437', success rate: 1/1.
[2025-05-17 22:30:59Z INFO ProcessInvokerWrapper] STDOUT/STDERR stream read finished.
[2025-05-17 22:30:59Z INFO ProcessInvokerWrapper] STDOUT/STDERR stream read finished.
[2025-05-17 22:30:59Z INFO ProcessInvokerWrapper] Finished process 207406 with exit code 0, and elapsed time 00:00:11.9495497.
[2025-05-17 22:30:59Z INFO CreateStepSummaryCommand] Step Summary file (/home/mustafa/sunum/actions-runner/_work/_temp/_runner_file_commands/step_summary_157eb068-1996-49cb-861a-dcd6553e1ca2) is empty; skipping attachment upload
[2025-05-17 22:30:59Z INFO StepsRunner] Step result: 
[2025-05-17 22:30:59Z INFO ExecutionContext] Publish step telemetry for current step {
  "action": "actions/checkout",
  "ref": "v3",
  "type": "node20",
  "stage": "Main",
  "stepId": "c2d7ed4d-466f-4b74-a76e-e0651d09c437",
  "stepContextName": "__actions_checkout",
  "hasPreStep": false,
  "hasPostStep": true,
  "result": "succeeded",
  "errorMessages": [],
  "executionTimeInSeconds": 13,
  "startTime": "2025-05-17T22:30:47.7453679Z",
  "finishTime": "2025-05-17T22:30:59.7945716Z"
}.
[2025-05-17 22:30:59Z INFO StepsRunner] No need for updating job result with current step result 'Succeeded'.
[2025-05-17 22:30:59Z INFO StepsRunner] Current state: job state = ''
[2025-05-17 22:30:59Z INFO StepsRunner] Processing step: DisplayName='Docker image oluştur (frontend)'
[2025-05-17 22:30:59Z INFO StepsRunner] Evaluating: success()
[2025-05-17 22:30:59Z INFO StepsRunner] Result: true
[2025-05-17 22:30:59Z INFO StepsRunner] Starting the step.
[2025-05-17 22:30:59Z INFO HostContext] Well known directory 'Bin': '/home/mustafa/sunum/actions-runner/bin'
[2025-05-17 22:30:59Z INFO HostContext] Well known directory 'Root': '/home/mustafa/sunum/actions-runner'
[2025-05-17 22:30:59Z INFO HostContext] Well known directory 'Work': '/home/mustafa/sunum/actions-runner/_work'
[2025-05-17 22:30:59Z INFO HostContext] Well known directory 'Temp': '/home/mustafa/sunum/actions-runner/_work/_temp'
[2025-05-17 22:30:59Z INFO ExecutionContext] Write event payload to /home/mustafa/sunum/actions-runner/_work/_temp/_github_workflow/event.json
[2025-05-17 22:30:59Z INFO HostContext] Well known directory 'Bin': '/home/mustafa/sunum/actions-runner/bin'
[2025-05-17 22:30:59Z INFO HostContext] Well known directory 'Root': '/home/mustafa/sunum/actions-runner'
[2025-05-17 22:30:59Z INFO HostContext] Well known directory 'Work': '/home/mustafa/sunum/actions-runner/_work'
[2025-05-17 22:30:59Z INFO HostContext] Well known directory 'Temp': '/home/mustafa/sunum/actions-runner/_work/_temp'
[2025-05-17 22:30:59Z INFO ExtensionManager] Getting extensions for interface: 'GitHub.Runner.Worker.IFileCommandExtension'
[2025-05-17 22:30:59Z INFO ExtensionManager] Getting extensions for interface: 'GitHub.Runner.Worker.IActionCommandExtension'
[2025-05-17 22:30:59Z INFO ActionCommandManager] Register action command extension for command internal-set-repo-path
[2025-05-17 22:30:59Z INFO ActionCommandManager] Register action command extension for command set-env
[2025-05-17 22:30:59Z INFO ActionCommandManager] Register action command extension for command set-output
[2025-05-17 22:30:59Z INFO ActionCommandManager] Register action command extension for command save-state
[2025-05-17 22:30:59Z INFO ActionCommandManager] Register action command extension for command add-path
[2025-05-17 22:30:59Z INFO ActionCommandManager] Register action command extension for command add-mask
[2025-05-17 22:30:59Z INFO ActionCommandManager] Register action command extension for command add-matcher
[2025-05-17 22:30:59Z INFO ActionCommandManager] Register action command extension for command remove-matcher
[2025-05-17 22:30:59Z INFO ActionCommandManager] Register action command extension for command warning
[2025-05-17 22:30:59Z INFO ActionCommandManager] Register action command extension for command error
[2025-05-17 22:30:59Z INFO ActionCommandManager] Register action command extension for command notice
[2025-05-17 22:30:59Z INFO ActionCommandManager] Register action command extension for command debug
[2025-05-17 22:30:59Z INFO ActionCommandManager] Register action command extension for command group
[2025-05-17 22:30:59Z INFO ActionCommandManager] Register action command extension for command endgroup
[2025-05-17 22:30:59Z INFO ActionCommandManager] Register action command extension for command echo
[2025-05-17 22:30:59Z INFO ScriptHandler] Which2: 'bash'
[2025-05-17 22:30:59Z INFO JobServerQueue] Try to append 1 batches web console lines for record 'c2d7ed4d-466f-4b74-a76e-e0651d09c437', success rate: 1/1.
[2025-05-17 22:30:59Z INFO JobServerQueue] Try to append 1 batches web console lines for record '79fe61fc-1e65-409c-827a-57b5e4177b45', success rate: 1/1.
[2025-05-17 22:31:00Z INFO JobServerQueue] Try to upload 1 log files or attachments, success rate: 1/1.
[2025-05-17 22:31:00Z INFO JobServerQueue] Got a step log file to send to results service.
[2025-05-17 22:31:00Z INFO JobServerQueue] Starting upload of step log file to results service ResultsLog, /home/mustafa/sunum/actions-runner/_diag/blocks/2d18cf1a-23df-4c6c-aede-b9f222e64ac2_c2d7ed4d-466f-4b74-a76e-e0651d09c437.1
[2025-05-17 22:31:01Z INFO JobServerQueue] Tried to upload 1 file(s) to results, success rate: 1/1.
[2025-05-17 22:31:01Z INFO ScriptHandler] Location: '/usr/bin/bash'
[2025-05-17 22:31:01Z INFO HostContext] Well known directory 'Bin': '/home/mustafa/sunum/actions-runner/bin'
[2025-05-17 22:31:01Z INFO HostContext] Well known directory 'Root': '/home/mustafa/sunum/actions-runner'
[2025-05-17 22:31:01Z INFO HostContext] Well known directory 'Work': '/home/mustafa/sunum/actions-runner/_work'
[2025-05-17 22:31:01Z INFO HostContext] Well known directory 'Temp': '/home/mustafa/sunum/actions-runner/_work/_temp'
[2025-05-17 22:31:01Z INFO ScriptHandler] Which2: 'bash'
[2025-05-17 22:31:01Z INFO ScriptHandler] Location: '/usr/bin/bash'
[2025-05-17 22:31:01Z INFO ProcessInvokerWrapper] Starting process:
[2025-05-17 22:31:01Z INFO ProcessInvokerWrapper]   File name: '/usr/bin/bash'
[2025-05-17 22:31:01Z INFO ProcessInvokerWrapper]   Arguments: '-e /home/mustafa/sunum/actions-runner/_work/_temp/ee6eaed2-92a4-47c6-ad86-fed05c9e72cd.sh'
[2025-05-17 22:31:01Z INFO ProcessInvokerWrapper]   Working directory: '/home/mustafa/sunum/actions-runner/_work/sunum/sunum'
[2025-05-17 22:31:01Z INFO ProcessInvokerWrapper]   Require exit code zero: 'False'
[2025-05-17 22:31:01Z INFO ProcessInvokerWrapper]   Encoding web name:  ; code page: ''
[2025-05-17 22:31:01Z INFO ProcessInvokerWrapper]   Force kill process on cancellation: 'False'
[2025-05-17 22:31:01Z INFO ProcessInvokerWrapper]   Redirected STDIN: 'False'
[2025-05-17 22:31:01Z INFO ProcessInvokerWrapper]   Persist current code page: 'False'
[2025-05-17 22:31:01Z INFO ProcessInvokerWrapper]   Keep redirected STDIN open: 'False'
[2025-05-17 22:31:01Z INFO ProcessInvokerWrapper]   High priority process: 'False'
[2025-05-17 22:31:01Z INFO ProcessInvokerWrapper] Updated oom_score_adj to 500 for PID: 207567.
[2025-05-17 22:31:01Z INFO ProcessInvokerWrapper] Process started with process id 207567, waiting for process exit.
[2025-05-17 22:31:01Z INFO JobServerQueue] Try to append 1 batches web console lines for record '79fe61fc-1e65-409c-827a-57b5e4177b45', success rate: 1/1.
[2025-05-17 22:31:07Z INFO HostContext] Well known directory 'Bin': '/home/mustafa/sunum/actions-runner/bin'
[2025-05-17 22:31:07Z INFO HostContext] Well known directory 'Root': '/home/mustafa/sunum/actions-runner'
[2025-05-17 22:31:07Z INFO HostContext] Well known directory 'Work': '/home/mustafa/sunum/actions-runner/_work'
[2025-05-17 22:31:15Z INFO JobServerQueue] Try to append 1 batches web console lines for record '79fe61fc-1e65-409c-827a-57b5e4177b45', success rate: 1/1.
[2025-05-17 22:31:15Z INFO JobServerQueue] Try to append 1 batches web console lines for record '79fe61fc-1e65-409c-827a-57b5e4177b45', success rate: 1/1.
[2025-05-17 22:31:15Z INFO JobServerQueue] Try to append 1 batches web console lines for record '79fe61fc-1e65-409c-827a-57b5e4177b45', success rate: 1/1.
[2025-05-17 22:31:16Z INFO JobServerQueue] Try to append 1 batches web console lines for record '79fe61fc-1e65-409c-827a-57b5e4177b45', success rate: 1/1.
[2025-05-17 22:31:16Z INFO JobServerQueue] Try to append 1 batches web console lines for record '79fe61fc-1e65-409c-827a-57b5e4177b45', success rate: 1/1.
[2025-05-17 22:31:17Z INFO HostContext] Well known directory 'Bin': '/home/mustafa/sunum/actions-runner/bin'
[2025-05-17 22:31:17Z INFO HostContext] Well known directory 'Root': '/home/mustafa/sunum/actions-runner'
[2025-05-17 22:31:17Z INFO HostContext] Well known directory 'Work': '/home/mustafa/sunum/actions-runner/_work'
[2025-05-17 22:31:20Z INFO JobServerQueue] Try to append 1 batches web console lines for record '79fe61fc-1e65-409c-827a-57b5e4177b45', success rate: 1/1.
[2025-05-17 22:31:20Z INFO JobServerQueue] Try to append 1 batches web console lines for record '79fe61fc-1e65-409c-827a-57b5e4177b45', success rate: 1/1.
[2025-05-17 22:31:20Z INFO JobServerQueue] Try to append 1 batches web console lines for record '79fe61fc-1e65-409c-827a-57b5e4177b45', success rate: 1/1.
[2025-05-17 22:31:20Z INFO JobServerQueue] Try to append 1 batches web console lines for record '79fe61fc-1e65-409c-827a-57b5e4177b45', success rate: 1/1.
[2025-05-17 22:31:21Z INFO JobServerQueue] Try to append 1 batches web console lines for record '79fe61fc-1e65-409c-827a-57b5e4177b45', success rate: 1/1.
[2025-05-17 22:31:21Z INFO JobServerQueue] Try to append 1 batches web console lines for record '79fe61fc-1e65-409c-827a-57b5e4177b45', success rate: 1/1.
[2025-05-17 22:31:22Z INFO JobServerQueue] Try to append 1 batches web console lines for record '79fe61fc-1e65-409c-827a-57b5e4177b45', success rate: 1/1.
[2025-05-17 22:31:25Z INFO JobServerQueue] Try to append 1 batches web console lines for record '79fe61fc-1e65-409c-827a-57b5e4177b45', success rate: 1/1.
[2025-05-17 22:31:27Z INFO HostContext] Well known directory 'Bin': '/home/mustafa/sunum/actions-runner/bin'
[2025-05-17 22:31:27Z INFO HostContext] Well known directory 'Root': '/home/mustafa/sunum/actions-runner'
[2025-05-17 22:31:27Z INFO HostContext] Well known directory 'Work': '/home/mustafa/sunum/actions-runner/_work'
[2025-05-17 22:31:30Z INFO JobServerQueue] Try to append 1 batches web console lines for record '79fe61fc-1e65-409c-827a-57b5e4177b45', success rate: 1/1.
[2025-05-17 22:31:35Z INFO JobServerQueue] Try to append 1 batches web console lines for record '79fe61fc-1e65-409c-827a-57b5e4177b45', success rate: 1/1.
[2025-05-17 22:31:37Z INFO HostContext] Well known directory 'Bin': '/home/mustafa/sunum/actions-runner/bin'
[2025-05-17 22:31:37Z INFO HostContext] Well known directory 'Root': '/home/mustafa/sunum/actions-runner'
[2025-05-17 22:31:37Z INFO HostContext] Well known directory 'Work': '/home/mustafa/sunum/actions-runner/_work'
[2025-05-17 22:31:40Z INFO JobServerQueue] Try to append 1 batches web console lines for record '79fe61fc-1e65-409c-827a-57b5e4177b45', success rate: 1/1.
[2025-05-17 22:31:45Z INFO JobServerQueue] Stop aggressive process web console line queue.
[2025-05-17 22:31:46Z INFO JobServerQueue] Try to append 1 batches web console lines for record '79fe61fc-1e65-409c-827a-57b5e4177b45', success rate: 1/1.
[2025-05-17 22:31:47Z INFO HostContext] Well known directory 'Bin': '/home/mustafa/sunum/actions-runner/bin'
[2025-05-17 22:31:47Z INFO HostContext] Well known directory 'Root': '/home/mustafa/sunum/actions-runner'
[2025-05-17 22:31:47Z INFO HostContext] Well known directory 'Work': '/home/mustafa/sunum/actions-runner/_work'
[2025-05-17 22:31:51Z INFO JobServerQueue] Try to append 1 batches web console lines for record '79fe61fc-1e65-409c-827a-57b5e4177b45', success rate: 1/1.
[2025-05-17 22:31:56Z INFO JobServerQueue] Try to append 1 batches web console lines for record '79fe61fc-1e65-409c-827a-57b5e4177b45', success rate: 1/1.
[2025-05-17 22:31:57Z INFO HostContext] Well known directory 'Bin': '/home/mustafa/sunum/actions-runner/bin'
[2025-05-17 22:31:57Z INFO HostContext] Well known directory 'Root': '/home/mustafa/sunum/actions-runner'
[2025-05-17 22:31:57Z INFO HostContext] Well known directory 'Work': '/home/mustafa/sunum/actions-runner/_work'
[2025-05-17 22:32:01Z INFO JobServerQueue] Try to append 1 batches web console lines for record '79fe61fc-1e65-409c-827a-57b5e4177b45', success rate: 1/1.
[2025-05-17 22:32:06Z INFO JobServerQueue] Try to append 1 batches web console lines for record '79fe61fc-1e65-409c-827a-57b5e4177b45', success rate: 1/1.
[2025-05-17 22:32:07Z INFO HostContext] Well known directory 'Bin': '/home/mustafa/sunum/actions-runner/bin'
[2025-05-17 22:32:07Z INFO HostContext] Well known directory 'Root': '/home/mustafa/sunum/actions-runner'
[2025-05-17 22:32:07Z INFO HostContext] Well known directory 'Work': '/home/mustafa/sunum/actions-runner/_work'
[2025-05-17 22:32:11Z INFO JobServerQueue] Try to append 1 batches web console lines for record '79fe61fc-1e65-409c-827a-57b5e4177b45', success rate: 1/1.
[2025-05-17 22:32:16Z INFO JobServerQueue] Try to append 1 batches web console lines for record '79fe61fc-1e65-409c-827a-57b5e4177b45', success rate: 1/1.
[2025-05-17 22:32:17Z INFO HostContext] Well known directory 'Bin': '/home/mustafa/sunum/actions-runner/bin'
[2025-05-17 22:32:17Z INFO HostContext] Well known directory 'Root': '/home/mustafa/sunum/actions-runner'
[2025-05-17 22:32:17Z INFO HostContext] Well known directory 'Work': '/home/mustafa/sunum/actions-runner/_work'
[2025-05-17 22:32:21Z INFO JobServerQueue] Try to append 1 batches web console lines for record '79fe61fc-1e65-409c-827a-57b5e4177b45', success rate: 1/1.
[2025-05-17 22:32:26Z INFO JobServerQueue] Try to append 1 batches web console lines for record '79fe61fc-1e65-409c-827a-57b5e4177b45', success rate: 1/1.
[2025-05-17 22:32:27Z INFO HostContext] Well known directory 'Bin': '/home/mustafa/sunum/actions-runner/bin'
[2025-05-17 22:32:27Z INFO HostContext] Well known directory 'Root': '/home/mustafa/sunum/actions-runner'
[2025-05-17 22:32:27Z INFO HostContext] Well known directory 'Work': '/home/mustafa/sunum/actions-runner/_work'
[2025-05-17 22:32:31Z INFO JobServerQueue] Try to append 1 batches web console lines for record '79fe61fc-1e65-409c-827a-57b5e4177b45', success rate: 1/1.
[2025-05-17 22:32:36Z INFO JobServerQueue] Try to append 1 batches web console lines for record '79fe61fc-1e65-409c-827a-57b5e4177b45', success rate: 1/1.
[2025-05-17 22:32:37Z INFO HostContext] Well known directory 'Bin': '/home/mustafa/sunum/actions-runner/bin'
[2025-05-17 22:32:37Z INFO HostContext] Well known directory 'Root': '/home/mustafa/sunum/actions-runner'
[2025-05-17 22:32:37Z INFO HostContext] Well known directory 'Work': '/home/mustafa/sunum/actions-runner/_work'
[2025-05-17 22:32:37Z INFO JobServerQueue] Try to append 1 batches web console lines for record '79fe61fc-1e65-409c-827a-57b5e4177b45', success rate: 1/1.
[2025-05-17 22:32:38Z INFO JobServerQueue] Try to append 1 batches web console lines for record '79fe61fc-1e65-409c-827a-57b5e4177b45', success rate: 1/1.
[2025-05-17 22:32:39Z INFO JobServerQueue] Try to append 1 batches web console lines for record '79fe61fc-1e65-409c-827a-57b5e4177b45', success rate: 1/1.
[2025-05-17 22:32:40Z INFO JobServerQueue] Try to append 1 batches web console lines for record '79fe61fc-1e65-409c-827a-57b5e4177b45', success rate: 1/1.
[2025-05-17 22:32:41Z INFO ProcessInvokerWrapper] STDOUT/STDERR stream read finished.
[2025-05-17 22:32:41Z INFO ProcessInvokerWrapper] STDOUT/STDERR stream read finished.
[2025-05-17 22:32:41Z INFO ProcessInvokerWrapper] Finished process 207567 with exit code 0, and elapsed time 00:01:40.2073664.
[2025-05-17 22:32:41Z INFO CreateStepSummaryCommand] Step Summary file (/home/mustafa/sunum/actions-runner/_work/_temp/_runner_file_commands/step_summary_4ad114c3-b770-411b-8528-5aec1d5b09c0) is empty; skipping attachment upload
[2025-05-17 22:32:41Z INFO StepsRunner] Step result: 
[2025-05-17 22:32:41Z INFO ExecutionContext] Publish step telemetry for current step {
  "action": "sh",
  "type": "run",
  "stage": "Main",
  "stepId": "79fe61fc-1e65-409c-827a-57b5e4177b45",
  "stepContextName": "__run",
  "result": "succeeded",
  "errorMessages": [],
  "executionTimeInSeconds": 103,
  "startTime": "2025-05-17T22:30:59.7964949Z",
  "finishTime": "2025-05-17T22:32:41.9342651Z"
}.
[2025-05-17 22:32:41Z INFO StepsRunner] No need for updating job result with current step result 'Succeeded'.
[2025-05-17 22:32:41Z INFO StepsRunner] Current state: job state = ''
[2025-05-17 22:32:41Z INFO StepsRunner] Processing step: DisplayName='Docker image oluştur (backend)'
[2025-05-17 22:32:41Z INFO StepsRunner] Evaluating: success()
[2025-05-17 22:32:41Z INFO StepsRunner] Result: true
[2025-05-17 22:32:41Z INFO StepsRunner] Starting the step.
[2025-05-17 22:32:41Z INFO HostContext] Well known directory 'Bin': '/home/mustafa/sunum/actions-runner/bin'
[2025-05-17 22:32:41Z INFO HostContext] Well known directory 'Root': '/home/mustafa/sunum/actions-runner'
[2025-05-17 22:32:41Z INFO HostContext] Well known directory 'Work': '/home/mustafa/sunum/actions-runner/_work'
[2025-05-17 22:32:41Z INFO HostContext] Well known directory 'Temp': '/home/mustafa/sunum/actions-runner/_work/_temp'
[2025-05-17 22:32:41Z INFO ExecutionContext] Write event payload to /home/mustafa/sunum/actions-runner/_work/_temp/_github_workflow/event.json
[2025-05-17 22:32:41Z INFO HostContext] Well known directory 'Bin': '/home/mustafa/sunum/actions-runner/bin'
[2025-05-17 22:32:41Z INFO HostContext] Well known directory 'Root': '/home/mustafa/sunum/actions-runner'
[2025-05-17 22:32:41Z INFO HostContext] Well known directory 'Work': '/home/mustafa/sunum/actions-runner/_work'
[2025-05-17 22:32:41Z INFO HostContext] Well known directory 'Temp': '/home/mustafa/sunum/actions-runner/_work/_temp'
[2025-05-17 22:32:41Z INFO ExtensionManager] Getting extensions for interface: 'GitHub.Runner.Worker.IFileCommandExtension'
[2025-05-17 22:32:41Z INFO ExtensionManager] Getting extensions for interface: 'GitHub.Runner.Worker.IActionCommandExtension'
[2025-05-17 22:32:41Z INFO ActionCommandManager] Register action command extension for command internal-set-repo-path
[2025-05-17 22:32:41Z INFO ActionCommandManager] Register action command extension for command set-env
[2025-05-17 22:32:41Z INFO ActionCommandManager] Register action command extension for command set-output
[2025-05-17 22:32:41Z INFO ActionCommandManager] Register action command extension for command save-state
[2025-05-17 22:32:41Z INFO ActionCommandManager] Register action command extension for command add-path
[2025-05-17 22:32:41Z INFO ActionCommandManager] Register action command extension for command add-mask
[2025-05-17 22:32:41Z INFO ActionCommandManager] Register action command extension for command add-matcher
[2025-05-17 22:32:41Z INFO ActionCommandManager] Register action command extension for command remove-matcher
[2025-05-17 22:32:41Z INFO ActionCommandManager] Register action command extension for command warning
[2025-05-17 22:32:41Z INFO ActionCommandManager] Register action command extension for command error
[2025-05-17 22:32:41Z INFO ActionCommandManager] Register action command extension for command notice
[2025-05-17 22:32:41Z INFO ActionCommandManager] Register action command extension for command debug
[2025-05-17 22:32:41Z INFO ActionCommandManager] Register action command extension for command group
[2025-05-17 22:32:41Z INFO ActionCommandManager] Register action command extension for command endgroup
[2025-05-17 22:32:41Z INFO ActionCommandManager] Register action command extension for command echo
[2025-05-17 22:32:42Z INFO JobServerQueue] Try to upload 1 log files or attachments, success rate: 1/1.
[2025-05-17 22:32:42Z INFO ScriptHandler] Which2: 'bash'
[2025-05-17 22:32:42Z INFO JobServerQueue] Try to append 1 batches web console lines for record '79fe61fc-1e65-409c-827a-57b5e4177b45', success rate: 1/1.
[2025-05-17 22:32:42Z INFO JobServerQueue] Try to append 1 batches web console lines for record '783b004e-fac9-4203-be93-d9b40b0363ac', success rate: 1/1.
[2025-05-17 22:32:42Z INFO ScriptHandler] Location: '/usr/bin/bash'
[2025-05-17 22:32:42Z INFO HostContext] Well known directory 'Bin': '/home/mustafa/sunum/actions-runner/bin'
[2025-05-17 22:32:42Z INFO HostContext] Well known directory 'Root': '/home/mustafa/sunum/actions-runner'
[2025-05-17 22:32:42Z INFO HostContext] Well known directory 'Work': '/home/mustafa/sunum/actions-runner/_work'
[2025-05-17 22:32:42Z INFO HostContext] Well known directory 'Temp': '/home/mustafa/sunum/actions-runner/_work/_temp'
[2025-05-17 22:32:42Z INFO ScriptHandler] Which2: 'bash'
[2025-05-17 22:32:42Z INFO ScriptHandler] Location: '/usr/bin/bash'
[2025-05-17 22:32:42Z INFO ProcessInvokerWrapper] Starting process:
[2025-05-17 22:32:42Z INFO ProcessInvokerWrapper]   File name: '/usr/bin/bash'
[2025-05-17 22:32:42Z INFO ProcessInvokerWrapper]   Arguments: '-e /home/mustafa/sunum/actions-runner/_work/_temp/21a465c8-d688-4d12-abd5-d0da9fe2f545.sh'
[2025-05-17 22:32:42Z INFO ProcessInvokerWrapper]   Working directory: '/home/mustafa/sunum/actions-runner/_work/sunum/sunum'
[2025-05-17 22:32:42Z INFO ProcessInvokerWrapper]   Require exit code zero: 'False'
[2025-05-17 22:32:42Z INFO ProcessInvokerWrapper]   Encoding web name:  ; code page: ''
[2025-05-17 22:32:42Z INFO ProcessInvokerWrapper]   Force kill process on cancellation: 'False'
[2025-05-17 22:32:42Z INFO ProcessInvokerWrapper]   Redirected STDIN: 'False'
[2025-05-17 22:32:42Z INFO ProcessInvokerWrapper]   Persist current code page: 'False'
[2025-05-17 22:32:42Z INFO ProcessInvokerWrapper]   Keep redirected STDIN open: 'False'
[2025-05-17 22:32:42Z INFO ProcessInvokerWrapper]   High priority process: 'False'
[2025-05-17 22:32:42Z INFO ProcessInvokerWrapper] Updated oom_score_adj to 500 for PID: 207736.
[2025-05-17 22:32:42Z INFO ProcessInvokerWrapper] Process started with process id 207736, waiting for process exit.
[2025-05-17 22:32:42Z INFO JobServerQueue] Got a step log file to send to results service.
[2025-05-17 22:32:42Z INFO JobServerQueue] Starting upload of step log file to results service ResultsLog, /home/mustafa/sunum/actions-runner/_diag/blocks/2d18cf1a-23df-4c6c-aede-b9f222e64ac2_79fe61fc-1e65-409c-827a-57b5e4177b45.1
[2025-05-17 22:32:42Z INFO JobServerQueue] Try to append 1 batches web console lines for record '783b004e-fac9-4203-be93-d9b40b0363ac', success rate: 1/1.
[2025-05-17 22:32:43Z INFO JobServerQueue] Tried to upload 1 file(s) to results, success rate: 1/1.
[2025-05-17 22:32:43Z INFO JobServerQueue] Try to append 1 batches web console lines for record '783b004e-fac9-4203-be93-d9b40b0363ac', success rate: 1/1.
[2025-05-17 22:32:44Z INFO JobServerQueue] Try to append 1 batches web console lines for record '783b004e-fac9-4203-be93-d9b40b0363ac', success rate: 1/1.
[2025-05-17 22:32:45Z INFO JobServerQueue] Try to append 1 batches web console lines for record '783b004e-fac9-4203-be93-d9b40b0363ac', success rate: 1/1.
[2025-05-17 22:32:45Z INFO JobServerQueue] Try to append 1 batches web console lines for record '783b004e-fac9-4203-be93-d9b40b0363ac', success rate: 1/1.
[2025-05-17 22:32:46Z INFO JobServerQueue] Try to append 1 batches web console lines for record '783b004e-fac9-4203-be93-d9b40b0363ac', success rate: 1/1.
[2025-05-17 22:32:46Z INFO JobServerQueue] Try to append 1 batches web console lines for record '783b004e-fac9-4203-be93-d9b40b0363ac', success rate: 1/1.
[2025-05-17 22:32:47Z INFO ProcessInvokerWrapper] STDOUT/STDERR stream read finished.
[2025-05-17 22:32:47Z INFO ProcessInvokerWrapper] STDOUT/STDERR stream read finished.
[2025-05-17 22:32:47Z INFO ProcessInvokerWrapper] Finished process 207736 with exit code 0, and elapsed time 00:00:05.3654675.
[2025-05-17 22:32:47Z INFO CreateStepSummaryCommand] Step Summary file (/home/mustafa/sunum/actions-runner/_work/_temp/_runner_file_commands/step_summary_d0522f3e-0177-4c8e-a79b-af8382a0884a) is empty; skipping attachment upload
[2025-05-17 22:32:47Z INFO StepsRunner] Step result: 
[2025-05-17 22:32:47Z INFO ExecutionContext] Publish step telemetry for current step {
  "action": "sh",
  "type": "run",
  "stage": "Main",
  "stepId": "783b004e-fac9-4203-be93-d9b40b0363ac",
  "stepContextName": "__run_2",
  "result": "succeeded",
  "errorMessages": [],
  "executionTimeInSeconds": 6,
  "startTime": "2025-05-17T22:32:41.9353278Z",
  "finishTime": "2025-05-17T22:32:47.6278599Z"
}.
[2025-05-17 22:32:47Z INFO StepsRunner] No need for updating job result with current step result 'Succeeded'.
[2025-05-17 22:32:47Z INFO StepsRunner] Current state: job state = ''
[2025-05-17 22:32:47Z INFO StepsRunner] Processing step: DisplayName='Backend deployment uygula'
[2025-05-17 22:32:47Z INFO StepsRunner] Evaluating: success()
[2025-05-17 22:32:47Z INFO StepsRunner] Result: true
[2025-05-17 22:32:47Z INFO StepsRunner] Starting the step.
[2025-05-17 22:32:47Z INFO HostContext] Well known directory 'Bin': '/home/mustafa/sunum/actions-runner/bin'
[2025-05-17 22:32:47Z INFO HostContext] Well known directory 'Root': '/home/mustafa/sunum/actions-runner'
[2025-05-17 22:32:47Z INFO HostContext] Well known directory 'Work': '/home/mustafa/sunum/actions-runner/_work'
[2025-05-17 22:32:47Z INFO HostContext] Well known directory 'Temp': '/home/mustafa/sunum/actions-runner/_work/_temp'
[2025-05-17 22:32:47Z INFO ExecutionContext] Write event payload to /home/mustafa/sunum/actions-runner/_work/_temp/_github_workflow/event.json
[2025-05-17 22:32:47Z INFO HostContext] Well known directory 'Bin': '/home/mustafa/sunum/actions-runner/bin'
[2025-05-17 22:32:47Z INFO HostContext] Well known directory 'Root': '/home/mustafa/sunum/actions-runner'
[2025-05-17 22:32:47Z INFO HostContext] Well known directory 'Work': '/home/mustafa/sunum/actions-runner/_work'
[2025-05-17 22:32:47Z INFO HostContext] Well known directory 'Temp': '/home/mustafa/sunum/actions-runner/_work/_temp'
[2025-05-17 22:32:47Z INFO ExtensionManager] Getting extensions for interface: 'GitHub.Runner.Worker.IFileCommandExtension'
[2025-05-17 22:32:47Z INFO ExtensionManager] Getting extensions for interface: 'GitHub.Runner.Worker.IActionCommandExtension'
[2025-05-17 22:32:47Z INFO ActionCommandManager] Register action command extension for command internal-set-repo-path
[2025-05-17 22:32:47Z INFO ActionCommandManager] Register action command extension for command set-env
[2025-05-17 22:32:47Z INFO ActionCommandManager] Register action command extension for command set-output
[2025-05-17 22:32:47Z INFO ActionCommandManager] Register action command extension for command save-state
[2025-05-17 22:32:47Z INFO ActionCommandManager] Register action command extension for command add-path
[2025-05-17 22:32:47Z INFO ActionCommandManager] Register action command extension for command add-mask
[2025-05-17 22:32:47Z INFO ActionCommandManager] Register action command extension for command add-matcher
[2025-05-17 22:32:47Z INFO ActionCommandManager] Register action command extension for command remove-matcher
[2025-05-17 22:32:47Z INFO ActionCommandManager] Register action command extension for command warning
[2025-05-17 22:32:47Z INFO ActionCommandManager] Register action command extension for command error
[2025-05-17 22:32:47Z INFO ActionCommandManager] Register action command extension for command notice
[2025-05-17 22:32:47Z INFO ActionCommandManager] Register action command extension for command debug
[2025-05-17 22:32:47Z INFO ActionCommandManager] Register action command extension for command group
[2025-05-17 22:32:47Z INFO ActionCommandManager] Register action command extension for command endgroup
[2025-05-17 22:32:47Z INFO ActionCommandManager] Register action command extension for command echo
[2025-05-17 22:32:47Z INFO ScriptHandler] Which2: 'bash'
[2025-05-17 22:32:47Z INFO ScriptHandler] Location: '/usr/bin/bash'
[2025-05-17 22:32:47Z INFO HostContext] Well known directory 'Bin': '/home/mustafa/sunum/actions-runner/bin'
[2025-05-17 22:32:47Z INFO HostContext] Well known directory 'Root': '/home/mustafa/sunum/actions-runner'
[2025-05-17 22:32:47Z INFO HostContext] Well known directory 'Work': '/home/mustafa/sunum/actions-runner/_work'
[2025-05-17 22:32:47Z INFO HostContext] Well known directory 'Temp': '/home/mustafa/sunum/actions-runner/_work/_temp'
[2025-05-17 22:32:47Z INFO ScriptHandler] Which2: 'bash'
[2025-05-17 22:32:47Z INFO ScriptHandler] Location: '/usr/bin/bash'
[2025-05-17 22:32:47Z INFO ProcessInvokerWrapper] Starting process:
[2025-05-17 22:32:47Z INFO ProcessInvokerWrapper]   File name: '/usr/bin/bash'
[2025-05-17 22:32:47Z INFO ProcessInvokerWrapper]   Arguments: '-e /home/mustafa/sunum/actions-runner/_work/_temp/7e73f823-910a-41df-b57b-b6e5c954a7a5.sh'
[2025-05-17 22:32:47Z INFO ProcessInvokerWrapper]   Working directory: '/home/mustafa/sunum/actions-runner/_work/sunum/sunum'
[2025-05-17 22:32:47Z INFO ProcessInvokerWrapper]   Require exit code zero: 'False'
[2025-05-17 22:32:47Z INFO ProcessInvokerWrapper]   Encoding web name:  ; code page: ''
[2025-05-17 22:32:47Z INFO ProcessInvokerWrapper]   Force kill process on cancellation: 'False'
[2025-05-17 22:32:47Z INFO ProcessInvokerWrapper]   Redirected STDIN: 'False'
[2025-05-17 22:32:47Z INFO ProcessInvokerWrapper]   Persist current code page: 'False'
[2025-05-17 22:32:47Z INFO ProcessInvokerWrapper]   Keep redirected STDIN open: 'False'
[2025-05-17 22:32:47Z INFO ProcessInvokerWrapper]   High priority process: 'False'
[2025-05-17 22:32:47Z INFO ProcessInvokerWrapper] Updated oom_score_adj to 500 for PID: 207805.
[2025-05-17 22:32:47Z INFO ProcessInvokerWrapper] Process started with process id 207805, waiting for process exit.
[2025-05-17 22:32:47Z INFO HostContext] Well known directory 'Bin': '/home/mustafa/sunum/actions-runner/bin'
[2025-05-17 22:32:47Z INFO HostContext] Well known directory 'Root': '/home/mustafa/sunum/actions-runner'
[2025-05-17 22:32:47Z INFO HostContext] Well known directory 'Work': '/home/mustafa/sunum/actions-runner/_work'
[2025-05-17 22:32:47Z INFO JobServerQueue] Try to append 1 batches web console lines for record '3469132b-fa69-4815-bee2-33e988cc9837', success rate: 1/1.
[2025-05-17 22:32:48Z INFO JobServerQueue] Try to upload 1 log files or attachments, success rate: 1/1.
[2025-05-17 22:32:48Z INFO JobServerQueue] Got a step log file to send to results service.
[2025-05-17 22:32:48Z INFO JobServerQueue] Starting upload of step log file to results service ResultsLog, /home/mustafa/sunum/actions-runner/_diag/blocks/2d18cf1a-23df-4c6c-aede-b9f222e64ac2_783b004e-fac9-4203-be93-d9b40b0363ac.1
[2025-05-17 22:32:48Z INFO JobServerQueue] Tried to upload 1 file(s) to results, success rate: 1/1.
[2025-05-17 22:32:54Z INFO ProcessInvokerWrapper] STDOUT/STDERR stream read finished.
[2025-05-17 22:32:54Z INFO ProcessInvokerWrapper] STDOUT/STDERR stream read finished.
[2025-05-17 22:32:54Z INFO ProcessInvokerWrapper] Finished process 207805 with exit code 0, and elapsed time 00:00:06.6895142.
[2025-05-17 22:32:54Z INFO CreateStepSummaryCommand] Step Summary file (/home/mustafa/sunum/actions-runner/_work/_temp/_runner_file_commands/step_summary_e5dec0d0-bf14-4e36-9cac-a9b3dc35044f) is empty; skipping attachment upload
[2025-05-17 22:32:54Z INFO StepsRunner] Step result: 
[2025-05-17 22:32:54Z INFO ExecutionContext] Publish step telemetry for current step {
  "action": "sh",
  "type": "run",
  "stage": "Main",
  "stepId": "3469132b-fa69-4815-bee2-33e988cc9837",
  "stepContextName": "__run_3",
  "result": "succeeded",
  "errorMessages": [],
  "executionTimeInSeconds": 7,
  "startTime": "2025-05-17T22:32:47.6291216Z",
  "finishTime": "2025-05-17T22:32:54.3288397Z"
}.
[2025-05-17 22:32:54Z INFO StepsRunner] No need for updating job result with current step result 'Succeeded'.
[2025-05-17 22:32:54Z INFO StepsRunner] Current state: job state = ''
[2025-05-17 22:32:54Z INFO StepsRunner] Processing step: DisplayName='Frontend deployment uygula'
[2025-05-17 22:32:54Z INFO StepsRunner] Evaluating: success()
[2025-05-17 22:32:54Z INFO StepsRunner] Result: true
[2025-05-17 22:32:54Z INFO StepsRunner] Starting the step.
[2025-05-17 22:32:54Z INFO HostContext] Well known directory 'Bin': '/home/mustafa/sunum/actions-runner/bin'
[2025-05-17 22:32:54Z INFO HostContext] Well known directory 'Root': '/home/mustafa/sunum/actions-runner'
[2025-05-17 22:32:54Z INFO HostContext] Well known directory 'Work': '/home/mustafa/sunum/actions-runner/_work'
[2025-05-17 22:32:54Z INFO HostContext] Well known directory 'Temp': '/home/mustafa/sunum/actions-runner/_work/_temp'
[2025-05-17 22:32:54Z INFO ExecutionContext] Write event payload to /home/mustafa/sunum/actions-runner/_work/_temp/_github_workflow/event.json
[2025-05-17 22:32:54Z INFO HostContext] Well known directory 'Bin': '/home/mustafa/sunum/actions-runner/bin'
[2025-05-17 22:32:54Z INFO HostContext] Well known directory 'Root': '/home/mustafa/sunum/actions-runner'
[2025-05-17 22:32:54Z INFO HostContext] Well known directory 'Work': '/home/mustafa/sunum/actions-runner/_work'
[2025-05-17 22:32:54Z INFO HostContext] Well known directory 'Temp': '/home/mustafa/sunum/actions-runner/_work/_temp'
[2025-05-17 22:32:54Z INFO ExtensionManager] Getting extensions for interface: 'GitHub.Runner.Worker.IFileCommandExtension'
[2025-05-17 22:32:54Z INFO ExtensionManager] Getting extensions for interface: 'GitHub.Runner.Worker.IActionCommandExtension'
[2025-05-17 22:32:54Z INFO ActionCommandManager] Register action command extension for command internal-set-repo-path
[2025-05-17 22:32:54Z INFO ActionCommandManager] Register action command extension for command set-env
[2025-05-17 22:32:54Z INFO ActionCommandManager] Register action command extension for command set-output
[2025-05-17 22:32:54Z INFO ActionCommandManager] Register action command extension for command save-state
[2025-05-17 22:32:54Z INFO ActionCommandManager] Register action command extension for command add-path
[2025-05-17 22:32:54Z INFO ActionCommandManager] Register action command extension for command add-mask
[2025-05-17 22:32:54Z INFO ActionCommandManager] Register action command extension for command add-matcher
[2025-05-17 22:32:54Z INFO ActionCommandManager] Register action command extension for command remove-matcher
[2025-05-17 22:32:54Z INFO ActionCommandManager] Register action command extension for command warning
[2025-05-17 22:32:54Z INFO ActionCommandManager] Register action command extension for command error
[2025-05-17 22:32:54Z INFO ActionCommandManager] Register action command extension for command notice
[2025-05-17 22:32:54Z INFO ActionCommandManager] Register action command extension for command debug
[2025-05-17 22:32:54Z INFO ActionCommandManager] Register action command extension for command group
[2025-05-17 22:32:54Z INFO ActionCommandManager] Register action command extension for command endgroup
[2025-05-17 22:32:54Z INFO ActionCommandManager] Register action command extension for command echo
[2025-05-17 22:32:54Z INFO ScriptHandler] Which2: 'bash'
[2025-05-17 22:32:54Z INFO ScriptHandler] Location: '/usr/bin/bash'
[2025-05-17 22:32:54Z INFO HostContext] Well known directory 'Bin': '/home/mustafa/sunum/actions-runner/bin'
[2025-05-17 22:32:54Z INFO HostContext] Well known directory 'Root': '/home/mustafa/sunum/actions-runner'
[2025-05-17 22:32:54Z INFO HostContext] Well known directory 'Work': '/home/mustafa/sunum/actions-runner/_work'
[2025-05-17 22:32:54Z INFO HostContext] Well known directory 'Temp': '/home/mustafa/sunum/actions-runner/_work/_temp'
[2025-05-17 22:32:54Z INFO ScriptHandler] Which2: 'bash'
[2025-05-17 22:32:54Z INFO ScriptHandler] Location: '/usr/bin/bash'
[2025-05-17 22:32:54Z INFO ProcessInvokerWrapper] Starting process:
[2025-05-17 22:32:54Z INFO ProcessInvokerWrapper]   File name: '/usr/bin/bash'
[2025-05-17 22:32:54Z INFO ProcessInvokerWrapper]   Arguments: '-e /home/mustafa/sunum/actions-runner/_work/_temp/40c6d986-5543-4e54-96f1-6a02354e002c.sh'
[2025-05-17 22:32:54Z INFO ProcessInvokerWrapper]   Working directory: '/home/mustafa/sunum/actions-runner/_work/sunum/sunum'
[2025-05-17 22:32:54Z INFO ProcessInvokerWrapper]   Require exit code zero: 'False'
[2025-05-17 22:32:54Z INFO ProcessInvokerWrapper]   Encoding web name:  ; code page: ''
[2025-05-17 22:32:54Z INFO ProcessInvokerWrapper]   Force kill process on cancellation: 'False'
[2025-05-17 22:32:54Z INFO ProcessInvokerWrapper]   Redirected STDIN: 'False'
[2025-05-17 22:32:54Z INFO ProcessInvokerWrapper]   Persist current code page: 'False'
[2025-05-17 22:32:54Z INFO ProcessInvokerWrapper]   Keep redirected STDIN open: 'False'
[2025-05-17 22:32:54Z INFO ProcessInvokerWrapper]   High priority process: 'False'
[2025-05-17 22:32:54Z INFO ProcessInvokerWrapper] Updated oom_score_adj to 500 for PID: 207851.
[2025-05-17 22:32:54Z INFO ProcessInvokerWrapper] Process started with process id 207851, waiting for process exit.
[2025-05-17 22:32:54Z INFO ProcessInvokerWrapper] STDOUT/STDERR stream read finished.
[2025-05-17 22:32:54Z INFO ProcessInvokerWrapper] STDOUT/STDERR stream read finished.
[2025-05-17 22:32:54Z INFO ProcessInvokerWrapper] Finished process 207851 with exit code 0, and elapsed time 00:00:00.3744641.
[2025-05-17 22:32:54Z INFO CreateStepSummaryCommand] Step Summary file (/home/mustafa/sunum/actions-runner/_work/_temp/_runner_file_commands/step_summary_319acdae-93f3-4762-b49e-695b5cb03d03) is empty; skipping attachment upload
[2025-05-17 22:32:54Z INFO StepsRunner] Step result: 
[2025-05-17 22:32:54Z INFO ExecutionContext] Publish step telemetry for current step {
  "action": "sh",
  "type": "run",
  "stage": "Main",
  "stepId": "6e83030b-0fd4-4fed-8fa8-4806b523d5fb",
  "stepContextName": "__run_4",
  "result": "succeeded",
  "errorMessages": [],
  "executionTimeInSeconds": 1,
  "startTime": "2025-05-17T22:32:54.3301966Z",
  "finishTime": "2025-05-17T22:32:54.7190208Z"
}.
[2025-05-17 22:32:54Z INFO StepsRunner] No need for updating job result with current step result 'Succeeded'.
[2025-05-17 22:32:54Z INFO StepsRunner] Current state: job state = ''
[2025-05-17 22:32:54Z INFO StepsRunner] Processing step: DisplayName='Post Kodları klonla'
[2025-05-17 22:32:54Z INFO StepsRunner] Evaluating: always()
[2025-05-17 22:32:54Z INFO StepsRunner] Result: true
[2025-05-17 22:32:54Z INFO StepsRunner] Starting the step.
[2025-05-17 22:32:54Z INFO HostContext] Well known directory 'Bin': '/home/mustafa/sunum/actions-runner/bin'
[2025-05-17 22:32:54Z INFO HostContext] Well known directory 'Root': '/home/mustafa/sunum/actions-runner'
[2025-05-17 22:32:54Z INFO HostContext] Well known directory 'Work': '/home/mustafa/sunum/actions-runner/_work'
[2025-05-17 22:32:54Z INFO HostContext] Well known directory 'Actions': '/home/mustafa/sunum/actions-runner/_work/_actions'
[2025-05-17 22:32:54Z INFO ActionManager] Load action that reference repository from '/home/mustafa/sunum/actions-runner/_work/_actions/actions/checkout/v3'
[2025-05-17 22:32:54Z INFO HostContext] Well known directory 'Bin': '/home/mustafa/sunum/actions-runner/bin'
[2025-05-17 22:32:54Z INFO HostContext] Well known directory 'Root': '/home/mustafa/sunum/actions-runner'
[2025-05-17 22:32:54Z INFO HostContext] Well known directory 'Work': '/home/mustafa/sunum/actions-runner/_work'
[2025-05-17 22:32:54Z INFO HostContext] Well known directory 'Actions': '/home/mustafa/sunum/actions-runner/_work/_actions'
[2025-05-17 22:32:54Z INFO ActionManifestManager] Loaded action.yml file: {
  "name": "Checkout",
  "description": "Checkout a Git repository at a particular version",
  "inputs": {
    "type": 2,
    "map": [
      {
        "key": {
          "type": 0,
          "file": 2,
          "line": 4,
          "col": 3,
          "lit": "repository"
        },
        "value": {
          "type": 3,
          "file": 2,
          "line": 6,
          "col": 14,
          "expr": "github.repository"
        }
      },
      {
        "key": {
          "type": 0,
          "file": 2,
          "line": 7,
          "col": 3,
          "lit": "ref"
        },
        "value": ""
      },
      {
        "key": {
          "type": 0,
          "file": 2,
          "line": 12,
          "col": 3,
          "lit": "token"
        },
        "value": {
          "type": 3,
          "file": 2,
          "line": 24,
          "col": 14,
          "expr": "github.token"
        }
      },
      {
        "key": {
          "type": 0,
          "file": 2,
          "line": 25,
          "col": 3,
          "lit": "ssh-key"
        },
        "value": ""
      },
      {
        "key": {
          "type": 0,
          "file": 2,
          "line": 37,
          "col": 3,
          "lit": "ssh-known-hosts"
        },
        "value": ""
      },
      {
        "key": {
          "type": 0,
          "file": 2,
          "line": 42,
          "col": 3,
          "lit": "ssh-strict"
        },
        "value": {
          "type": 0,
          "file": 2,
          "line": 47,
          "col": 14,
          "lit": "true"
        }
      },
      {
        "key": {
          "type": 0,
          "file": 2,
          "line": 48,
          "col": 3,
          "lit": "persist-credentials"
        },
        "value": {
          "type": 0,
          "file": 2,
          "line": 50,
          "col": 14,
          "lit": "true"
        }
      },
      {
        "key": {
          "type": 0,
          "file": 2,
          "line": 51,
          "col": 3,
          "lit": "path"
        },
        "value": ""
      },
      {
        "key": {
          "type": 0,
          "file": 2,
          "line": 53,
          "col": 3,
          "lit": "clean"
        },
        "value": {
          "type": 0,
          "file": 2,
          "line": 55,
          "col": 14,
          "lit": "true"
        }
      },
      {
        "key": {
          "type": 0,
          "file": 2,
          "line": 56,
          "col": 3,
          "lit": "sparse-checkout"
        },
        "value": {
          "type": 0,
          "file": 2,
          "line": 60,
          "col": 14,
          "lit": ""
        }
      },
      {
        "key": {
          "type": 0,
          "file": 2,
          "line": 61,
          "col": 3,
          "lit": "sparse-checkout-cone-mode"
        },
        "value": {
          "type": 0,
          "file": 2,
          "line": 64,
          "col": 14,
          "lit": "true"
        }
      },
      {
        "key": {
          "type": 0,
          "file": 2,
          "line": 65,
          "col": 3,
          "lit": "fetch-depth"
        },
        "value": {
          "type": 0,
          "file": 2,
          "line": 67,
          "col": 14,
          "lit": "1"
        }
      },
      {
        "key": {
          "type": 0,
          "file": 2,
          "line": 68,
          "col": 3,
          "lit": "fetch-tags"
        },
        "value": {
          "type": 0,
          "file": 2,
          "line": 70,
          "col": 14,
          "lit": "false"
        }
      },
      {
        "key": {
          "type": 0,
          "file": 2,
          "line": 71,
          "col": 3,
          "lit": "lfs"
        },
        "value": {
          "type": 0,
          "file": 2,
          "line": 73,
          "col": 14,
          "lit": "false"
        }
      },
      {
        "key": {
          "type": 0,
          "file": 2,
          "line": 74,
          "col": 3,
          "lit": "submodules"
        },
        "value": {
          "type": 0,
          "file": 2,
          "line": 82,
          "col": 14,
          "lit": "false"
        }
      },
      {
        "key": {
          "type": 0,
          "file": 2,
          "line": 83,
          "col": 3,
          "lit": "set-safe-directory"
        },
        "value": {
          "type": 0,
          "file": 2,
          "line": 85,
          "col": 14,
          "lit": "true"
        }
      },
      {
        "key": {
          "type": 0,
          "file": 2,
          "line": 86,
          "col": 3,
          "lit": "github-server-url"
        },
        "value": ""
      }
    ]
  },
  "execution": {
    "executionType": "nodeJS",
    "hasPre": false,
    "hasPost": true,
    "script": "dist/index.js",
    "pre": null,
    "post": "dist/index.js",
    "nodeVersion": "node16",
    "cleanupCondition": "always()",
    "initCondition": "always()"
  },
  "deprecated": null
}
[2025-05-17 22:32:54Z INFO ActionManager] Action pre node.js file: N/A.
[2025-05-17 22:32:54Z INFO ActionManager] Action node.js file: dist/index.js.
[2025-05-17 22:32:54Z INFO ActionManager] Action post node.js file: dist/index.js.
[2025-05-17 22:32:54Z INFO HostContext] Well known directory 'Bin': '/home/mustafa/sunum/actions-runner/bin'
[2025-05-17 22:32:54Z INFO HostContext] Well known directory 'Root': '/home/mustafa/sunum/actions-runner'
[2025-05-17 22:32:54Z INFO HostContext] Well known directory 'Work': '/home/mustafa/sunum/actions-runner/_work'
[2025-05-17 22:32:54Z INFO HostContext] Well known directory 'Temp': '/home/mustafa/sunum/actions-runner/_work/_temp'
[2025-05-17 22:32:54Z INFO ExecutionContext] Write event payload to /home/mustafa/sunum/actions-runner/_work/_temp/_github_workflow/event.json
[2025-05-17 22:32:54Z INFO HostContext] Well known directory 'Bin': '/home/mustafa/sunum/actions-runner/bin'
[2025-05-17 22:32:54Z INFO HostContext] Well known directory 'Root': '/home/mustafa/sunum/actions-runner'
[2025-05-17 22:32:54Z INFO HostContext] Well known directory 'Work': '/home/mustafa/sunum/actions-runner/_work'
[2025-05-17 22:32:54Z INFO HostContext] Well known directory 'Temp': '/home/mustafa/sunum/actions-runner/_work/_temp'
[2025-05-17 22:32:54Z INFO ExtensionManager] Getting extensions for interface: 'GitHub.Runner.Worker.IFileCommandExtension'
[2025-05-17 22:32:54Z INFO ActionManifestManager] Input 'repository': default value evaluate result: {
  "type": 0,
  "file": 2,
  "line": 6,
  "col": 14,
  "lit": "mustafa010223/sunum"
}
[2025-05-17 22:32:54Z INFO ActionManifestManager] Input 'ref': default value evaluate result: ""
[2025-05-17 22:32:54Z INFO ActionManifestManager] Input 'token': default value evaluate result: {
  "type": 0,
  "file": 2,
  "line": 24,
  "col": 14,
  "lit": "***"
}
[2025-05-17 22:32:54Z INFO ActionManifestManager] Input 'ssh-key': default value evaluate result: ""
[2025-05-17 22:32:54Z INFO ActionManifestManager] Input 'ssh-known-hosts': default value evaluate result: ""
[2025-05-17 22:32:54Z INFO ActionManifestManager] Input 'ssh-strict': default value evaluate result: {
  "type": 0,
  "file": 2,
  "line": 47,
  "col": 14,
  "lit": "true"
}
[2025-05-17 22:32:54Z INFO ActionManifestManager] Input 'persist-credentials': default value evaluate result: {
  "type": 0,
  "file": 2,
  "line": 50,
  "col": 14,
  "lit": "true"
}
[2025-05-17 22:32:54Z INFO ActionManifestManager] Input 'path': default value evaluate result: ""
[2025-05-17 22:32:54Z INFO ActionManifestManager] Input 'clean': default value evaluate result: {
  "type": 0,
  "file": 2,
  "line": 55,
  "col": 14,
  "lit": "true"
}
[2025-05-17 22:32:54Z INFO ActionManifestManager] Input 'sparse-checkout': default value evaluate result: {
  "type": 0,
  "file": 2,
  "line": 60,
  "col": 14,
  "lit": ""
}
[2025-05-17 22:32:54Z INFO ActionManifestManager] Input 'sparse-checkout-cone-mode': default value evaluate result: {
  "type": 0,
  "file": 2,
  "line": 64,
  "col": 14,
  "lit": "true"
}
[2025-05-17 22:32:54Z INFO ActionManifestManager] Input 'fetch-depth': default value evaluate result: {
  "type": 0,
  "file": 2,
  "line": 67,
  "col": 14,
  "lit": "1"
}
[2025-05-17 22:32:54Z INFO ActionManifestManager] Input 'fetch-tags': default value evaluate result: {
  "type": 0,
  "file": 2,
  "line": 70,
  "col": 14,
  "lit": "false"
}
[2025-05-17 22:32:54Z INFO ActionManifestManager] Input 'lfs': default value evaluate result: {
  "type": 0,
  "file": 2,
  "line": 73,
  "col": 14,
  "lit": "false"
}
[2025-05-17 22:32:54Z INFO ActionManifestManager] Input 'submodules': default value evaluate result: {
  "type": 0,
  "file": 2,
  "line": 82,
  "col": 14,
  "lit": "false"
}
[2025-05-17 22:32:54Z INFO ActionManifestManager] Input 'set-safe-directory': default value evaluate result: {
  "type": 0,
  "file": 2,
  "line": 85,
  "col": 14,
  "lit": "true"
}
[2025-05-17 22:32:54Z INFO ActionManifestManager] Input 'github-server-url': default value evaluate result: ""
[2025-05-17 22:32:54Z INFO ExtensionManager] Getting extensions for interface: 'GitHub.Runner.Worker.IActionCommandExtension'
[2025-05-17 22:32:54Z INFO ActionCommandManager] Register action command extension for command internal-set-repo-path
[2025-05-17 22:32:54Z INFO ActionCommandManager] Register action command extension for command set-env
[2025-05-17 22:32:54Z INFO ActionCommandManager] Register action command extension for command set-output
[2025-05-17 22:32:54Z INFO ActionCommandManager] Register action command extension for command save-state
[2025-05-17 22:32:54Z INFO ActionCommandManager] Register action command extension for command add-path
[2025-05-17 22:32:54Z INFO ActionCommandManager] Register action command extension for command add-mask
[2025-05-17 22:32:54Z INFO ActionCommandManager] Register action command extension for command add-matcher
[2025-05-17 22:32:54Z INFO ActionCommandManager] Register action command extension for command remove-matcher
[2025-05-17 22:32:54Z INFO ActionCommandManager] Register action command extension for command warning
[2025-05-17 22:32:54Z INFO ActionCommandManager] Register action command extension for command error
[2025-05-17 22:32:54Z INFO ActionCommandManager] Register action command extension for command notice
[2025-05-17 22:32:54Z INFO ActionCommandManager] Register action command extension for command debug
[2025-05-17 22:32:54Z INFO ActionCommandManager] Register action command extension for command group
[2025-05-17 22:32:54Z INFO ActionCommandManager] Register action command extension for command endgroup
[2025-05-17 22:32:54Z INFO ActionCommandManager] Register action command extension for command echo
[2025-05-17 22:32:54Z INFO HostContext] Well known directory 'Bin': '/home/mustafa/sunum/actions-runner/bin'
[2025-05-17 22:32:54Z INFO HostContext] Well known directory 'Root': '/home/mustafa/sunum/actions-runner'
[2025-05-17 22:32:54Z INFO HostContext] Well known directory 'Externals': '/home/mustafa/sunum/actions-runner/externals'
[2025-05-17 22:32:54Z INFO ProcessInvokerWrapper] Starting process:
[2025-05-17 22:32:54Z INFO ProcessInvokerWrapper]   File name: '/home/mustafa/sunum/actions-runner/externals/node20/bin/node'
[2025-05-17 22:32:54Z INFO ProcessInvokerWrapper]   Arguments: '"/home/mustafa/sunum/actions-runner/_work/_actions/actions/checkout/v3/dist/index.js"'
[2025-05-17 22:32:54Z INFO ProcessInvokerWrapper]   Working directory: '/home/mustafa/sunum/actions-runner/_work/sunum/sunum'
[2025-05-17 22:32:54Z INFO ProcessInvokerWrapper]   Require exit code zero: 'False'
[2025-05-17 22:32:54Z INFO ProcessInvokerWrapper]   Encoding web name:  ; code page: ''
[2025-05-17 22:32:54Z INFO ProcessInvokerWrapper]   Force kill process on cancellation: 'False'
[2025-05-17 22:32:54Z INFO ProcessInvokerWrapper]   Redirected STDIN: 'False'
[2025-05-17 22:32:54Z INFO ProcessInvokerWrapper]   Persist current code page: 'False'
[2025-05-17 22:32:54Z INFO ProcessInvokerWrapper]   Keep redirected STDIN open: 'False'
[2025-05-17 22:32:54Z INFO ProcessInvokerWrapper]   High priority process: 'False'
[2025-05-17 22:32:54Z INFO ProcessInvokerWrapper] Updated oom_score_adj to 500 for PID: 207866.
[2025-05-17 22:32:54Z INFO ProcessInvokerWrapper] Process started with process id 207866, waiting for process exit.
[2025-05-17 22:32:54Z INFO JobServerQueue] Try to append 1 batches web console lines for record '3469132b-fa69-4815-bee2-33e988cc9837', success rate: 1/1.
[2025-05-17 22:32:54Z INFO JobServerQueue] Try to append 1 batches web console lines for record '6e83030b-0fd4-4fed-8fa8-4806b523d5fb', success rate: 1/1.
[2025-05-17 22:32:54Z INFO JobServerQueue] Try to append 1 batches web console lines for record 'ec94d783-c2a9-4efc-986c-aa3cda58b477', success rate: 1/1.
[2025-05-17 22:32:54Z INFO JobServerQueue] Got a step log file to send to results service.
[2025-05-17 22:32:54Z INFO JobServerQueue] Starting upload of step log file to results service ResultsLog, /home/mustafa/sunum/actions-runner/_diag/blocks/2d18cf1a-23df-4c6c-aede-b9f222e64ac2_3469132b-fa69-4815-bee2-33e988cc9837.1
[2025-05-17 22:32:55Z INFO JobServerQueue] Try to upload 2 log files or attachments, success rate: 2/2.
[2025-05-17 22:32:55Z INFO JobServerQueue] Got a step log file to send to results service.
[2025-05-17 22:32:55Z INFO JobServerQueue] Starting upload of step log file to results service ResultsLog, /home/mustafa/sunum/actions-runner/_diag/blocks/2d18cf1a-23df-4c6c-aede-b9f222e64ac2_6e83030b-0fd4-4fed-8fa8-4806b523d5fb.1
[2025-05-17 22:32:55Z INFO AddMaskCommandExtension] Add new secret mask with length of 32
[2025-05-17 22:32:55Z INFO ProcessInvokerWrapper] STDOUT/STDERR stream read finished.
[2025-05-17 22:32:55Z INFO ProcessInvokerWrapper] STDOUT/STDERR stream read finished.
[2025-05-17 22:32:55Z INFO ProcessInvokerWrapper] Finished process 207866 with exit code 0, and elapsed time 00:00:00.7932743.
[2025-05-17 22:32:55Z INFO CreateStepSummaryCommand] Step Summary file (/home/mustafa/sunum/actions-runner/_work/_temp/_runner_file_commands/step_summary_96e974f2-48cf-464a-9a93-8eef2d4d0f5c) is empty; skipping attachment upload
[2025-05-17 22:32:55Z INFO StepsRunner] Step result: 
[2025-05-17 22:32:55Z INFO ExecutionContext] Publish step telemetry for current step {
  "action": "actions/checkout",
  "ref": "v3",
  "type": "node20",
  "stage": "Post",
  "stepId": "ec94d783-c2a9-4efc-986c-aa3cda58b477",
  "result": "succeeded",
  "errorMessages": [],
  "executionTimeInSeconds": 1,
  "startTime": "2025-05-17T22:32:54.7205335Z",
  "finishTime": "2025-05-17T22:32:55.5321638Z"
}.
[2025-05-17 22:32:55Z INFO StepsRunner] No need for updating job result with current step result 'Succeeded'.
[2025-05-17 22:32:55Z INFO StepsRunner] Current state: job state = ''
[2025-05-17 22:32:55Z INFO JobRunner] Finalize job.
[2025-05-17 22:32:55Z INFO HostContext] Well known directory 'Bin': '/home/mustafa/sunum/actions-runner/bin'
[2025-05-17 22:32:55Z INFO HostContext] Well known directory 'Root': '/home/mustafa/sunum/actions-runner'
[2025-05-17 22:32:55Z INFO HostContext] Well known directory 'Diag': '/home/mustafa/sunum/actions-runner/_diag'
[2025-05-17 22:32:55Z INFO HostContext] Well known directory 'Bin': '/home/mustafa/sunum/actions-runner/bin'
[2025-05-17 22:32:55Z INFO HostContext] Well known directory 'Root': '/home/mustafa/sunum/actions-runner'
[2025-05-17 22:32:55Z INFO HostContext] Well known directory 'Diag': '/home/mustafa/sunum/actions-runner/_diag'
[2025-05-17 22:32:55Z INFO JobExtension] Initialize Env context
[2025-05-17 22:32:55Z INFO JobExtension] Initialize steps context
[2025-05-17 22:32:55Z INFO JobServerQueue] Tried to upload 2 file(s) to results, success rate: 2/2.
[2025-05-17 22:32:55Z INFO JobExtension] Total accessible running process: 317.
[2025-05-17 22:32:55Z INFO JobExtension] Inspecting process environment variables. PID: 194022 (kworker/u16:6-iwlwifi)
[2025-05-17 22:32:55Z INFO LinuxProcessExtensions] Read env from /proc/194022/environ
[2025-05-17 22:32:55Z WARN JobExtension] Ignore exception during read process environment variables: Access to the path '/proc/194022/environ' is denied.
[2025-05-17 22:32:55Z INFO JobExtension] Inspecting process environment variables. PID: 194118 (kworker/u16:8-flush-8:0)
[2025-05-17 22:32:55Z INFO LinuxProcessExtensions] Read env from /proc/194118/environ
[2025-05-17 22:32:55Z WARN JobExtension] Ignore exception during read process environment variables: Access to the path '/proc/194118/environ' is denied.
[2025-05-17 22:32:55Z INFO JobExtension] Inspecting process environment variables. PID: 196941 (kworker/u17:2-rb_allocator)
[2025-05-17 22:32:55Z INFO LinuxProcessExtensions] Read env from /proc/196941/environ
[2025-05-17 22:32:55Z WARN JobExtension] Ignore exception during read process environment variables: Access to the path '/proc/196941/environ' is denied.
[2025-05-17 22:32:55Z INFO JobExtension] Inspecting process environment variables. PID: 205109 (kworker/u16:2-flush-8:0)
[2025-05-17 22:32:55Z INFO LinuxProcessExtensions] Read env from /proc/205109/environ
[2025-05-17 22:32:55Z WARN JobExtension] Ignore exception during read process environment variables: Access to the path '/proc/205109/environ' is denied.
[2025-05-17 22:32:55Z INFO JobExtension] Inspecting process environment variables. PID: 205238 (kworker/3:3-events)
[2025-05-17 22:32:55Z INFO LinuxProcessExtensions] Read env from /proc/205238/environ
[2025-05-17 22:32:55Z WARN JobExtension] Ignore exception during read process environment variables: Access to the path '/proc/205238/environ' is denied.
[2025-05-17 22:32:55Z INFO JobExtension] Inspecting process environment variables. PID: 206269 (kworker/u16:0-events_freezable_pwr_efficient)
[2025-05-17 22:32:55Z INFO LinuxProcessExtensions] Read env from /proc/206269/environ
[2025-05-17 22:32:55Z WARN JobExtension] Ignore exception during read process environment variables: Access to the path '/proc/206269/environ' is denied.
[2025-05-17 22:32:55Z INFO JobExtension] Inspecting process environment variables. PID: 207205 (kworker/1:2-events)
[2025-05-17 22:32:55Z INFO LinuxProcessExtensions] Read env from /proc/207205/environ
[2025-05-17 22:32:55Z WARN JobExtension] Ignore exception during read process environment variables: Access to the path '/proc/207205/environ' is denied.
[2025-05-17 22:32:55Z INFO JobExtension] Inspecting process environment variables. PID: 207569 (sleep)
[2025-05-17 22:32:55Z INFO LinuxProcessExtensions] Read env from /proc/207569/environ
[2025-05-17 22:32:55Z INFO JobExtension] Inspecting process environment variables. PID: 207570 (kworker/2:2-events)
[2025-05-17 22:32:55Z INFO LinuxProcessExtensions] Read env from /proc/207570/environ
[2025-05-17 22:32:55Z WARN JobExtension] Ignore exception during read process environment variables: Access to the path '/proc/207570/environ' is denied.
[2025-05-17 22:32:55Z INFO JobExtension] Inspecting process environment variables. PID: 207571 (kworker/0:3-mld)
[2025-05-17 22:32:55Z INFO LinuxProcessExtensions] Read env from /proc/207571/environ
[2025-05-17 22:32:55Z WARN JobExtension] Ignore exception during read process environment variables: Access to the path '/proc/207571/environ' is denied.
[2025-05-17 22:32:55Z INFO JobExtension] Inspecting process environment variables. PID: 207601 (kworker/u16:1-flush-8:0)
[2025-05-17 22:32:55Z INFO LinuxProcessExtensions] Read env from /proc/207601/environ
[2025-05-17 22:32:55Z WARN JobExtension] Ignore exception during read process environment variables: Access to the path '/proc/207601/environ' is denied.
[2025-05-17 22:32:55Z INFO ExecutionContext] Publish step telemetry for current step {
  "action": "complete_job",
  "type": "runner",
  "stage": "Post",
  "stepId": "459a2867-1313-492c-9817-e82e89fae722",
  "result": "succeeded",
  "errorMessages": [],
  "executionTimeInSeconds": 1,
  "startTime": "2025-05-17T22:32:55.541274Z",
  "finishTime": "2025-05-17T22:32:55.7007378Z"
}.
[2025-05-17 22:32:55Z INFO JobRunner] Job result after all job steps finish: Succeeded
[2025-05-17 22:32:55Z INFO JobRunner] Completing the job execution context.
[2025-05-17 22:32:55Z INFO JobRunner] Shutting down the job server queue.
[2025-05-17 22:32:55Z INFO JobServerQueue] Fire signal to shutdown all queues.
[2025-05-17 22:32:56Z INFO JobServerQueue] All queue process task stopped.
[2025-05-17 22:32:56Z INFO JobServerQueue] Try to append 1 batches web console lines for record 'ec94d783-c2a9-4efc-986c-aa3cda58b477', success rate: 1/1.
[2025-05-17 22:32:56Z INFO JobServerQueue] Try to append 1 batches web console lines for record '459a2867-1313-492c-9817-e82e89fae722', success rate: 1/1.
[2025-05-17 22:32:56Z INFO JobServerQueue] Web console line queue drained.
[2025-05-17 22:32:56Z INFO JobServerQueue] Uploading 3 files in one shot.
[2025-05-17 22:32:56Z INFO JobServerQueue] Try to upload 3 log files or attachments, success rate: 3/3.
[2025-05-17 22:32:56Z INFO JobServerQueue] File upload queue drained.
[2025-05-17 22:32:56Z INFO JobServerQueue] Starting results-based upload queue...
[2025-05-17 22:32:56Z INFO JobServerQueue] Uploading 3 file(s) in one shot through results service.
[2025-05-17 22:32:56Z INFO JobServerQueue] Got a step log file to send to results service.
[2025-05-17 22:32:56Z INFO JobServerQueue] Starting upload of step log file to results service ResultsLog, /home/mustafa/sunum/actions-runner/_diag/blocks/2d18cf1a-23df-4c6c-aede-b9f222e64ac2_ec94d783-c2a9-4efc-986c-aa3cda58b477.1
[2025-05-17 22:32:56Z INFO JobServerQueue] Got a step log file to send to results service.
[2025-05-17 22:32:56Z INFO JobServerQueue] Starting upload of step log file to results service ResultsLog, /home/mustafa/sunum/actions-runner/_diag/blocks/2d18cf1a-23df-4c6c-aede-b9f222e64ac2_459a2867-1313-492c-9817-e82e89fae722.1
[2025-05-17 22:32:57Z INFO JobServerQueue] Got a job log file to send to results service.
[2025-05-17 22:32:57Z INFO JobServerQueue] Starting upload of job log file to results service ResultsLog, /home/mustafa/sunum/actions-runner/_diag/blocks/2d18cf1a-23df-4c6c-aede-b9f222e64ac2_2a72c351-e5b2-5247-ba27-afc97887605c.1
[2025-05-17 22:32:57Z INFO JobServerQueue] Tried to upload 3 file(s) to results, success rate: 3/3.
[2025-05-17 22:32:57Z INFO JobServerQueue] Results upload queue drained.
[2025-05-17 22:32:57Z INFO JobServerQueue] Timeline update queue drained.
[2025-05-17 22:32:57Z INFO JobServerQueue] Disposing job server ...
[2025-05-17 22:32:57Z INFO JobServerQueue] Disposing results server ...
[2025-05-17 22:32:57Z INFO JobServerQueue] All queue process tasks have been stopped, and all queues are drained.
[2025-05-17 22:32:57Z INFO TempDirectoryManager] Cleaning runner temp folder: /home/mustafa/sunum/actions-runner/_work/_temp
[2025-05-17 22:32:58Z INFO HostContext] Well known directory 'Bin': '/home/mustafa/sunum/actions-runner/bin'
[2025-05-17 22:32:58Z INFO HostContext] Well known directory 'Root': '/home/mustafa/sunum/actions-runner'
[2025-05-17 22:32:58Z INFO HostContext] Well known directory 'Diag': '/home/mustafa/sunum/actions-runner/_diag'
[2025-05-17 22:32:58Z INFO HostContext] Well known config file 'Telemetry': '/home/mustafa/sunum/actions-runner/_diag/.telemetry'
[2025-05-17 22:32:58Z INFO JobRunner] Raising job completed against run service
[2025-05-17 22:32:58Z INFO Worker] Job completed.
